[2026-05-13 21:46:28] production.ERROR: The C:\Users\bhard\Documents\Codex\2026-05-13\build-me-a-full-logistics-delivery\bootstrap\cache directory must be present and writable. {"exception":"[object] (Exception(code: 0): The C:\\Users\\bhard\\Documents\\Codex\\2026-05-13\\build-me-a-full-logistics-delivery\\bootstrap\\cache directory must be present and writable. at C:/Users/bhard/Documents/Codex/2026-05-13/build-me-a-full-logistics-delivery/vendor/laravel/framework/src/Illuminate/Foundation/PackageManifest.php:179)
[stacktrace]
#0 C:/Users/bhard/Documents/Codex/2026-05-13/build-me-a-full-logistics-delivery/vendor/laravel/framework/src/Illuminate/Foundation/PackageManifest.php(132): Illuminate/Foundation/PackageManifest->write(Array)
#1 C:/Users/bhard/Documents/Codex/2026-05-13/build-me-a-full-logistics-delivery/vendor/laravel/framework/src/Illuminate/Foundation/PackageManifest.php(108): Illuminate/Foundation/PackageManifest->build()
#2 C:/Users/bhard/Documents/Codex/2026-05-13/build-me-a-full-logistics-delivery/vendor/laravel/framework/src/Illuminate/Foundation/PackageManifest.php(91): Illuminate/Foundation/PackageManifest->getManifest()
#3 C:/Users/bhard/Documents/Codex/2026-05-13/build-me-a-full-logistics-delivery/vendor/laravel/framework/src/Illuminate/Foundation/PackageManifest.php(80): Illuminate/Foundation/PackageManifest->config('aliases')
#4 C:/Users/bhard/Documents/Codex/2026-05-13/build-me-a-full-logistics-delivery/vendor/laravel/framework/src/Illuminate/Foundation/Bootstrap/RegisterFacades.php(26): Illuminate/Foundation/PackageManifest->aliases()
#5 C:/Users/bhard/Documents/Codex/2026-05-13/build-me-a-full-logistics-delivery/vendor/laravel/framework/src/Illuminate/Foundation/Application.php(342): Illuminate/Foundation/Bootstrap/RegisterFacades->bootstrap(Object(Illuminate/Foundation/Application))
#6 C:/Users/bhard/Documents/Codex/2026-05-13/build-me-a-full-logistics-delivery/vendor/laravel/framework/src/Illuminate/Foundation/Console/Kernel.php(474): Illuminate/Foundation/Application->bootstrapWith(Array)
#7 C:/Users/bhard/Documents/Codex/2026-05-13/build-me-a-full-logistics-delivery/vendor/laravel/framework/src/Illuminate/Foundation/Console/Kernel.php(196): Illuminate/Foundation/Console/Kernel->bootstrap()
#8 C:/Users/bhard/Documents/Codex/2026-05-13/build-me-a-full-logistics-delivery/vendor/laravel/framework/src/Illuminate/Foundation/Application.php(1235): Illuminate/Foundation/Console/Kernel->handle(Object(Symfony/Component/Console/Input/ArgvInput), Object(Symfony/Component/Console/Output/ConsoleOutput))
#9 C:/Users/bhard/Documents/Codex/2026-05-13/build-me-a-full-logistics-delivery/artisan(14): Illuminate/Foundation/Application->handleCommand(Object(Symfony/Component/Console/Input/ArgvInput))
#10 {main}
"} 
[2026-05-13 21:46:29] local.ERROR: The C:\Users\bhard\Documents\Codex\2026-05-13\build-me-a-full-logistics-delivery\bootstrap\cache directory must be present and writable. {"exception":"[object] (Exception(code: 0): The C:\\Users\\bhard\\Documents\\Codex\\2026-05-13\\build-me-a-full-logistics-delivery\\bootstrap\\cache directory must be present and writable. at C:/Users/bhard/Documents/Codex/2026-05-13/build-me-a-full-logistics-delivery/vendor/laravel/framework/src/Illuminate/Foundation/PackageManifest.php:179)
[stacktrace]
#0 C:/Users/bhard/Documents/Codex/2026-05-13/build-me-a-full-logistics-delivery/vendor/laravel/framework/src/Illuminate/Foundation/PackageManifest.php(132): Illuminate/Foundation/PackageManifest->write(Array)
#1 C:/Users/bhard/Documents/Codex/2026-05-13/build-me-a-full-logistics-delivery/vendor/laravel/framework/src/Illuminate/Foundation/PackageManifest.php(108): Illuminate/Foundation/PackageManifest->build()
#2 C:/Users/bhard/Documents/Codex/2026-05-13/build-me-a-full-logistics-delivery/vendor/laravel/framework/src/Illuminate/Foundation/PackageManifest.php(91): Illuminate/Foundation/PackageManifest->getManifest()
#3 C:/Users/bhard/Documents/Codex/2026-05-13/build-me-a-full-logistics-delivery/vendor/laravel/framework/src/Illuminate/Foundation/PackageManifest.php(80): Illuminate/Foundation/PackageManifest->config('aliases')
#4 C:/Users/bhard/Documents/Codex/2026-05-13/build-me-a-full-logistics-delivery/vendor/laravel/framework/src/Illuminate/Foundation/Bootstrap/RegisterFacades.php(26): Illuminate/Foundation/PackageManifest->aliases()
#5 C:/Users/bhard/Documents/Codex/2026-05-13/build-me-a-full-logistics-delivery/vendor/laravel/framework/src/Illuminate/Foundation/Application.php(342): Illuminate/Foundation/Bootstrap/RegisterFacades->bootstrap(Object(Illuminate/Foundation/Application))
#6 C:/Users/bhard/Documents/Codex/2026-05-13/build-me-a-full-logistics-delivery/vendor/laravel/framework/src/Illuminate/Foundation/Console/Kernel.php(474): Illuminate/Foundation/Application->bootstrapWith(Array)
#7 C:/Users/bhard/Documents/Codex/2026-05-13/build-me-a-full-logistics-delivery/vendor/laravel/framework/src/Illuminate/Foundation/Console/Kernel.php(196): Illuminate/Foundation/Console/Kernel->bootstrap()
#8 C:/Users/bhard/Documents/Codex/2026-05-13/build-me-a-full-logistics-delivery/vendor/laravel/framework/src/Illuminate/Foundation/Application.php(1235): Illuminate/Foundation/Console/Kernel->handle(Object(Symfony/Component/Console/Input/ArgvInput), Object(Symfony/Component/Console/Output/ConsoleOutput))
#9 C:/Users/bhard/Documents/Codex/2026-05-13/build-me-a-full-logistics-delivery/artisan(14): Illuminate/Foundation/Application->handleCommand(Object(Symfony/Component/Console/Input/ArgvInput))
#10 {main}
"} 
[2026-05-13 21:47:55] local.ERROR: The C:\Users\bhard\Documents\Codex\2026-05-13\build-me-a-full-logistics-delivery\bootstrap\cache directory must be present and writable. {"exception":"[object] (Exception(code: 0): The C:\\Users\\bhard\\Documents\\Codex\\2026-05-13\\build-me-a-full-logistics-delivery\\bootstrap\\cache directory must be present and writable. at C:/Users/bhard/Documents/Codex/2026-05-13/build-me-a-full-logistics-delivery/vendor/laravel/framework/src/Illuminate/Foundation/PackageManifest.php:179)
[stacktrace]
#0 C:/Users/bhard/Documents/Codex/2026-05-13/build-me-a-full-logistics-delivery/vendor/laravel/framework/src/Illuminate/Foundation/PackageManifest.php(132): Illuminate/Foundation/PackageManifest->write(Array)
#1 C:/Users/bhard/Documents/Codex/2026-05-13/build-me-a-full-logistics-delivery/vendor/laravel/framework/src/Illuminate/Foundation/PackageManifest.php(108): Illuminate/Foundation/PackageManifest->build()
#2 C:/Users/bhard/Documents/Codex/2026-05-13/build-me-a-full-logistics-delivery/vendor/laravel/framework/src/Illuminate/Foundation/PackageManifest.php(91): Illuminate/Foundation/PackageManifest->getManifest()
#3 C:/Users/bhard/Documents/Codex/2026-05-13/build-me-a-full-logistics-delivery/vendor/laravel/framework/src/Illuminate/Foundation/PackageManifest.php(80): Illuminate/Foundation/PackageManifest->config('aliases')
#4 C:/Users/bhard/Documents/Codex/2026-05-13/build-me-a-full-logistics-delivery/vendor/laravel/framework/src/Illuminate/Foundation/Bootstrap/RegisterFacades.php(26): Illuminate/Foundation/PackageManifest->aliases()
#5 C:/Users/bhard/Documents/Codex/2026-05-13/build-me-a-full-logistics-delivery/vendor/laravel/framework/src/Illuminate/Foundation/Application.php(342): Illuminate/Foundation/Bootstrap/RegisterFacades->bootstrap(Object(Illuminate/Foundation/Application))
#6 C:/Users/bhard/Documents/Codex/2026-05-13/build-me-a-full-logistics-delivery/vendor/laravel/framework/src/Illuminate/Foundation/Console/Kernel.php(474): Illuminate/Foundation/Application->bootstrapWith(Array)
#7 C:/Users/bhard/Documents/Codex/2026-05-13/build-me-a-full-logistics-delivery/vendor/laravel/framework/src/Illuminate/Foundation/Console/Kernel.php(196): Illuminate/Foundation/Console/Kernel->bootstrap()
#8 C:/Users/bhard/Documents/Codex/2026-05-13/build-me-a-full-logistics-delivery/vendor/laravel/framework/src/Illuminate/Foundation/Application.php(1235): Illuminate/Foundation/Console/Kernel->handle(Object(Symfony/Component/Console/Input/ArgvInput), Object(Symfony/Component/Console/Output/ConsoleOutput))
#9 C:/Users/bhard/Documents/Codex/2026-05-13/build-me-a-full-logistics-delivery/artisan(14): Illuminate/Foundation/Application->handleCommand(Object(Symfony/Component/Console/Input/ArgvInput))
#10 {main}
"} 
[2026-05-13 21:48:47] local.ERROR: SQLSTATE[HY000] [2002] No connection could be made because the target machine actively refused it (Connection: mysql, SQL: delete from `cache`) {"exception":"[object] (Illuminate\\Database\\QueryException(code: 2002): SQLSTATE[HY000] [2002] No connection could be made because the target machine actively refused it (Connection: mysql, SQL: delete from `cache`) at C:/Users/bhard/Documents/Codex/2026-05-13/build-me-a-full-logistics-delivery/vendor/laravel/framework/src/Illuminate/Database/Connection.php:825)
[stacktrace]
#0 C:/Users/bhard/Documents/Codex/2026-05-13/build-me-a-full-logistics-delivery/vendor/laravel/framework/src/Illuminate/Database/Connection.php(979): Illuminate/Database/Connection->runQueryCallback('delete from `ca...', Array, Object(Closure))
#1 C:/Users/bhard/Documents/Codex/2026-05-13/build-me-a-full-logistics-delivery/vendor/laravel/framework/src/Illuminate/Database/Connection.php(958): Illuminate/Database/Connection->tryAgainIfCausedByLostConnection(Object(Illuminate/Database/QueryException), 'delete from `ca...', Array, Object(Closure))
#2 C:/Users/bhard/Documents/Codex/2026-05-13/build-me-a-full-logistics-delivery/vendor/laravel/framework/src/Illuminate/Database/Connection.php(781): Illuminate/Database/Connection->handleQueryException(Object(Illuminate/Database/QueryException), 'delete from `ca...', Array, Object(Closure))
#3 C:/Users/bhard/Documents/Codex/2026-05-13/build-me-a-full-logistics-delivery/vendor/laravel/framework/src/Illuminate/Database/Connection.php(584): Illuminate/Database/Connection->run('delete from `ca...', Array, Object(Closure))
#4 C:/Users/bhard/Documents/Codex/2026-05-13/build-me-a-full-logistics-delivery/vendor/laravel/framework/src/Illuminate/Database/Connection.php(548): Illuminate/Database/Connection->affectingStatement('delete from `ca...', Array)
#5 C:/Users/bhard/Documents/Codex/2026-05-13/build-me-a-full-logistics-delivery/vendor/laravel/framework/src/Illuminate/Database/Query/Builder.php(4024): Illuminate/Database/Connection->delete('delete from `ca...', Array)
#6 C:/Users/bhard/Documents/Codex/2026-05-13/build-me-a-full-logistics-delivery/vendor/laravel/framework/src/Illuminate/Cache/DatabaseStore.php(422): Illuminate/Database/Query/Builder->delete()
#7 C:/Users/bhard/Documents/Codex/2026-05-13/build-me-a-full-logistics-delivery/vendor/laravel/framework/src/Illuminate/Cache/Repository.php(792): Illuminate/Cache/DatabaseStore->flush()
#8 C:/Users/bhard/Documents/Codex/2026-05-13/build-me-a-full-logistics-delivery/vendor/laravel/framework/src/Illuminate/Cache/Console/ClearCommand.php(69): Illuminate/Cache/Repository->__call('flush', Array)
#9 C:/Users/bhard/Documents/Codex/2026-05-13/build-me-a-full-logistics-delivery/vendor/laravel/framework/src/Illuminate/Container/BoundMethod.php(36): Illuminate/Cache/Console/ClearCommand->handle()
#10 C:/Users/bhard/Documents/Codex/2026-05-13/build-me-a-full-logistics-delivery/vendor/laravel/framework/src/Illuminate/Container/Util.php(43): Illuminate/Container/BoundMethod::Illuminate/Container/{closure}()
#11 C:/Users/bhard/Documents/Codex/2026-05-13/build-me-a-full-logistics-delivery/vendor/laravel/framework/src/Illuminate/Container/BoundMethod.php(95): Illuminate/Container/Util::unwrapIfClosure(Object(Closure))
#12 C:/Users/bhard/Documents/Codex/2026-05-13/build-me-a-full-logistics-delivery/vendor/laravel/framework/src/Illuminate/Container/BoundMethod.php(35): Illuminate/Container/BoundMethod::callBoundMethod(Object(Illuminate/Foundation/Application), Array, Object(Closure))
#13 C:/Users/bhard/Documents/Codex/2026-05-13/build-me-a-full-logistics-delivery/vendor/laravel/framework/src/Illuminate/Container/Container.php(696): Illuminate/Container/BoundMethod::call(Object(Illuminate/Foundation/Application), Array, Array, NULL)
#14 C:/Users/bhard/Documents/Codex/2026-05-13/build-me-a-full-logistics-delivery/vendor/laravel/framework/src/Illuminate/Console/Command.php(213): Illuminate/Container/Container->call(Array)
#15 C:/Users/bhard/Documents/Codex/2026-05-13/build-me-a-full-logistics-delivery/vendor/symfony/console/Command/Command.php(341): Illuminate/Console/Command->execute(Object(Symfony/Component/Console/Input/ArgvInput), Object(Illuminate/Console/OutputStyle))
#16 C:/Users/bhard/Documents/Codex/2026-05-13/build-me-a-full-logistics-delivery/vendor/laravel/framework/src/Illuminate/Console/Command.php(182): Symfony/Component/Console/Command/Command->run(Object(Symfony/Component/Console/Input/ArgvInput), Object(Illuminate/Console/OutputStyle))
#17 C:/Users/bhard/Documents/Codex/2026-05-13/build-me-a-full-logistics-delivery/vendor/symfony/console/Application.php(1117): Illuminate/Console/Command->run(Object(Symfony/Component/Console/Input/ArgvInput), Object(Symfony/Component/Console/Output/ConsoleOutput))
#18 C:/Users/bhard/Documents/Codex/2026-05-13/build-me-a-full-logistics-delivery/vendor/symfony/console/Application.php(356): Symfony/Component/Console/Application->doRunCommand(Object(Illuminate/Cache/Console/ClearCommand), Object(Symfony/Component/Console/Input/ArgvInput), Object(Symfony/Component/Console/Output/ConsoleOutput))
#19 C:/Users/bhard/Documents/Codex/2026-05-13/build-me-a-full-logistics-delivery/vendor/symfony/console/Application.php(195): Symfony/Component/Console/Application->doRun(Object(Symfony/Component/Console/Input/ArgvInput), Object(Symfony/Component/Console/Output/ConsoleOutput))
#20 C:/Users/bhard/Documents/Codex/2026-05-13/build-me-a-full-logistics-delivery/vendor/laravel/framework/src/Illuminate/Foundation/Console/Kernel.php(198): Symfony/Component/Console/Application->run(Object(Symfony/Component/Console/Input/ArgvInput), Object(Symfony/Component/Console/Output/ConsoleOutput))
#21 C:/Users/bhard/Documents/Codex/2026-05-13/build-me-a-full-logistics-delivery/vendor/laravel/framework/src/Illuminate/Foundation/Application.php(1235): Illuminate/Foundation/Console/Kernel->handle(Object(Symfony/Component/Console/Input/ArgvInput), Object(Symfony/Component/Console/Output/ConsoleOutput))
#22 C:/Users/bhard/Documents/Codex/2026-05-13/build-me-a-full-logistics-delivery/artisan(14): Illuminate/Foundation/Application->handleCommand(Object(Symfony/Component/Console/Input/ArgvInput))
#23 {main}

[previous exception] [object] (PDOException(code: 2002): SQLSTATE[HY000] [2002] No connection could be made because the target machine actively refused it at C:/Users/bhard/Documents/Codex/2026-05-13/build-me-a-full-logistics-delivery/vendor/laravel/framework/src/Illuminate/Database/Connectors/Connector.php:66)
[stacktrace]
#0 C:/Users/bhard/Documents/Codex/2026-05-13/build-me-a-full-logistics-delivery/vendor/laravel/framework/src/Illuminate/Database/Connectors/Connector.php(66): PDO->__construct('mysql:host=127....', 'root', Object(SensitiveParameterValue), Array)
#1 C:/Users/bhard/Documents/Codex/2026-05-13/build-me-a-full-logistics-delivery/vendor/laravel/framework/src/Illuminate/Database/Connectors/Connector.php(85): Illuminate/Database/Connectors/Connector->createPdoConnection('mysql:host=127....', 'root', Object(SensitiveParameterValue), Array)
#2 C:/Users/bhard/Documents/Codex/2026-05-13/build-me-a-full-logistics-delivery/vendor/laravel/framework/src/Illuminate/Database/Connectors/Connector.php(48): Illuminate/Database/Connectors/Connector->tryAgainIfCausedByLostConnection(Object(PDOException), 'mysql:host=127....', 'root', Object(SensitiveParameterValue), Array)
#3 C:/Users/bhard/Documents/Codex/2026-05-13/build-me-a-full-logistics-delivery/vendor/laravel/framework/src/Illuminate/Database/Connectors/MySqlConnector.php(24): Illuminate/Database/Connectors/Connector->createConnection('mysql:host=127....', Array, Array)
#4 C:/Users/bhard/Documents/Codex/2026-05-13/build-me-a-full-logistics-delivery/vendor/laravel/framework/src/Illuminate/Database/Connectors/ConnectionFactory.php(185): Illuminate/Database/Connectors/MySqlConnector->connect(Array)
#5 [internal function]: Illuminate/Database/Connectors/ConnectionFactory->Illuminate/Database/Connectors/{closure}()
#6 C:/Users/bhard/Documents/Codex/2026-05-13/build-me-a-full-logistics-delivery/vendor/laravel/framework/src/Illuminate/Database/Connection.php(1231): call_user_func(Object(Closure))
#7 C:/Users/bhard/Documents/Codex/2026-05-13/build-me-a-full-logistics-delivery/vendor/laravel/framework/src/Illuminate/Database/Connection.php(592): Illuminate/Database/Connection->getPdo()
#8 C:/Users/bhard/Documents/Codex/2026-05-13/build-me-a-full-logistics-delivery/vendor/laravel/framework/src/Illuminate/Database/Connection.php(812): Illuminate/Database/Connection->Illuminate/Database/{closure}('delete from `ca...', Array)
#9 C:/Users/bhard/Documents/Codex/2026-05-13/build-me-a-full-logistics-delivery/vendor/laravel/framework/src/Illuminate/Database/Connection.php(979): Illuminate/Database/Connection->runQueryCallback('delete from `ca...', Array, Object(Closure))
#10 C:/Users/bhard/Documents/Codex/2026-05-13/build-me-a-full-logistics-delivery/vendor/laravel/framework/src/Illuminate/Database/Connection.php(958): Illuminate/Database/Connection->tryAgainIfCausedByLostConnection(Object(Illuminate/Database/QueryException), 'delete from `ca...', Array, Object(Closure))
#11 C:/Users/bhard/Documents/Codex/2026-05-13/build-me-a-full-logistics-delivery/vendor/laravel/framework/src/Illuminate/Database/Connection.php(781): Illuminate/Database/Connection->handleQueryException(Object(Illuminate/Database/QueryException), 'delete from `ca...', Array, Object(Closure))
#12 C:/Users/bhard/Documents/Codex/2026-05-13/build-me-a-full-logistics-delivery/vendor/laravel/framework/src/Illuminate/Database/Connection.php(584): Illuminate/Database/Connection->run('delete from `ca...', Array, Object(Closure))
#13 C:/Users/bhard/Documents/Codex/2026-05-13/build-me-a-full-logistics-delivery/vendor/laravel/framework/src/Illuminate/Database/Connection.php(548): Illuminate/Database/Connection->affectingStatement('delete from `ca...', Array)
#14 C:/Users/bhard/Documents/Codex/2026-05-13/build-me-a-full-logistics-delivery/vendor/laravel/framework/src/Illuminate/Database/Query/Builder.php(4024): Illuminate/Database/Connection->delete('delete from `ca...', Array)
#15 C:/Users/bhard/Documents/Codex/2026-05-13/build-me-a-full-logistics-delivery/vendor/laravel/framework/src/Illuminate/Cache/DatabaseStore.php(422): Illuminate/Database/Query/Builder->delete()
#16 C:/Users/bhard/Documents/Codex/2026-05-13/build-me-a-full-logistics-delivery/vendor/laravel/framework/src/Illuminate/Cache/Repository.php(792): Illuminate/Cache/DatabaseStore->flush()
#17 C:/Users/bhard/Documents/Codex/2026-05-13/build-me-a-full-logistics-delivery/vendor/laravel/framework/src/Illuminate/Cache/Console/ClearCommand.php(69): Illuminate/Cache/Repository->__call('flush', Array)
#18 C:/Users/bhard/Documents/Codex/2026-05-13/build-me-a-full-logistics-delivery/vendor/laravel/framework/src/Illuminate/Container/BoundMethod.php(36): Illuminate/Cache/Console/ClearCommand->handle()
#19 C:/Users/bhard/Documents/Codex/2026-05-13/build-me-a-full-logistics-delivery/vendor/laravel/framework/src/Illuminate/Container/Util.php(43): Illuminate/Container/BoundMethod::Illuminate/Container/{closure}()
#20 C:/Users/bhard/Documents/Codex/2026-05-13/build-me-a-full-logistics-delivery/vendor/laravel/framework/src/Illuminate/Container/BoundMethod.php(95): Illuminate/Container/Util::unwrapIfClosure(Object(Closure))
#21 C:/Users/bhard/Documents/Codex/2026-05-13/build-me-a-full-logistics-delivery/vendor/laravel/framework/src/Illuminate/Container/BoundMethod.php(35): Illuminate/Container/BoundMethod::callBoundMethod(Object(Illuminate/Foundation/Application), Array, Object(Closure))
#22 C:/Users/bhard/Documents/Codex/2026-05-13/build-me-a-full-logistics-delivery/vendor/laravel/framework/src/Illuminate/Container/Container.php(696): Illuminate/Container/BoundMethod::call(Object(Illuminate/Foundation/Application), Array, Array, NULL)
#23 C:/Users/bhard/Documents/Codex/2026-05-13/build-me-a-full-logistics-delivery/vendor/laravel/framework/src/Illuminate/Console/Command.php(213): Illuminate/Container/Container->call(Array)
#24 C:/Users/bhard/Documents/Codex/2026-05-13/build-me-a-full-logistics-delivery/vendor/symfony/console/Command/Command.php(341): Illuminate/Console/Command->execute(Object(Symfony/Component/Console/Input/ArgvInput), Object(Illuminate/Console/OutputStyle))
#25 C:/Users/bhard/Documents/Codex/2026-05-13/build-me-a-full-logistics-delivery/vendor/laravel/framework/src/Illuminate/Console/Command.php(182): Symfony/Component/Console/Command/Command->run(Object(Symfony/Component/Console/Input/ArgvInput), Object(Illuminate/Console/OutputStyle))
#26 C:/Users/bhard/Documents/Codex/2026-05-13/build-me-a-full-logistics-delivery/vendor/symfony/console/Application.php(1117): Illuminate/Console/Command->run(Object(Symfony/Component/Console/Input/ArgvInput), Object(Symfony/Component/Console/Output/ConsoleOutput))
#27 C:/Users/bhard/Documents/Codex/2026-05-13/build-me-a-full-logistics-delivery/vendor/symfony/console/Application.php(356): Symfony/Component/Console/Application->doRunCommand(Object(Illuminate/Cache/Console/ClearCommand), Object(Symfony/Component/Console/Input/ArgvInput), Object(Symfony/Component/Console/Output/ConsoleOutput))
#28 C:/Users/bhard/Documents/Codex/2026-05-13/build-me-a-full-logistics-delivery/vendor/symfony/console/Application.php(195): Symfony/Component/Console/Application->doRun(Object(Symfony/Component/Console/Input/ArgvInput), Object(Symfony/Component/Console/Output/ConsoleOutput))
#29 C:/Users/bhard/Documents/Codex/2026-05-13/build-me-a-full-logistics-delivery/vendor/laravel/framework/src/Illuminate/Foundation/Console/Kernel.php(198): Symfony/Component/Console/Application->run(Object(Symfony/Component/Console/Input/ArgvInput), Object(Symfony/Component/Console/Output/ConsoleOutput))
#30 C:/Users/bhard/Documents/Codex/2026-05-13/build-me-a-full-logistics-delivery/vendor/laravel/framework/src/Illuminate/Foundation/Application.php(1235): Illuminate/Foundation/Console/Kernel->handle(Object(Symfony/Component/Console/Input/ArgvInput), Object(Symfony/Component/Console/Output/ConsoleOutput))
#31 C:/Users/bhard/Documents/Codex/2026-05-13/build-me-a-full-logistics-delivery/artisan(14): Illuminate/Foundation/Application->handleCommand(Object(Symfony/Component/Console/Input/ArgvInput))
#32 {main}
"} 
[2026-05-13 22:37:26] local.ERROR: View path not found. {"exception":"[object] (RuntimeException(code: 0): View path not found. at C:/Users/bhard/Documents/Codex/2026-05-13/build-me-a-full-logistics-delivery/vendor/laravel/framework/src/Illuminate/Foundation/Console/ViewClearCommand.php:59)
[stacktrace]
#0 C:/Users/bhard/Documents/Codex/2026-05-13/build-me-a-full-logistics-delivery/vendor/laravel/framework/src/Illuminate/Container/BoundMethod.php(36): Illuminate/Foundation/Console/ViewClearCommand->handle()
#1 C:/Users/bhard/Documents/Codex/2026-05-13/build-me-a-full-logistics-delivery/vendor/laravel/framework/src/Illuminate/Container/Util.php(43): Illuminate/Container/BoundMethod::Illuminate/Container/{closure}()
#2 C:/Users/bhard/Documents/Codex/2026-05-13/build-me-a-full-logistics-delivery/vendor/laravel/framework/src/Illuminate/Container/BoundMethod.php(95): Illuminate/Container/Util::unwrapIfClosure(Object(Closure))
#3 C:/Users/bhard/Documents/Codex/2026-05-13/build-me-a-full-logistics-delivery/vendor/laravel/framework/src/Illuminate/Container/BoundMethod.php(35): Illuminate/Container/BoundMethod::callBoundMethod(Object(Illuminate/Foundation/Application), Array, Object(Closure))
#4 C:/Users/bhard/Documents/Codex/2026-05-13/build-me-a-full-logistics-delivery/vendor/laravel/framework/src/Illuminate/Container/Container.php(696): Illuminate/Container/BoundMethod::call(Object(Illuminate/Foundation/Application), Array, Array, NULL)
#5 C:/Users/bhard/Documents/Codex/2026-05-13/build-me-a-full-logistics-delivery/vendor/laravel/framework/src/Illuminate/Console/Command.php(213): Illuminate/Container/Container->call(Array)
#6 C:/Users/bhard/Documents/Codex/2026-05-13/build-me-a-full-logistics-delivery/vendor/symfony/console/Command/Command.php(341): Illuminate/Console/Command->execute(Object(Symfony/Component/Console/Input/ArrayInput), Object(Illuminate/Console/OutputStyle))
#7 C:/Users/bhard/Documents/Codex/2026-05-13/build-me-a-full-logistics-delivery/vendor/laravel/framework/src/Illuminate/Console/Command.php(182): Symfony/Component/Console/Command/Command->run(Object(Symfony/Component/Console/Input/ArrayInput), Object(Illuminate/Console/OutputStyle))
#8 C:/Users/bhard/Documents/Codex/2026-05-13/build-me-a-full-logistics-delivery/vendor/laravel/framework/src/Illuminate/Console/Concerns/CallsCommands.php(68): Illuminate/Console/Command->run(Object(Symfony/Component/Console/Input/ArrayInput), Object(Symfony/Component/Console/Output/NullOutput))
#9 C:/Users/bhard/Documents/Codex/2026-05-13/build-me-a-full-logistics-delivery/vendor/laravel/framework/src/Illuminate/Console/Concerns/CallsCommands.php(41): Illuminate/Console/Command->runCommand('view:clear', Array, Object(Symfony/Component/Console/Output/NullOutput))
#10 C:/Users/bhard/Documents/Codex/2026-05-13/build-me-a-full-logistics-delivery/vendor/laravel/framework/src/Illuminate/Console/Concerns/CallsCommands.php(53): Illuminate/Console/Command->callSilent('view:clear', Array)
#11 C:/Users/bhard/Documents/Codex/2026-05-13/build-me-a-full-logistics-delivery/vendor/laravel/framework/src/Illuminate/Foundation/Console/OptimizeClearCommand.php(48): Illuminate/Console/Command->callSilently('view:clear')
#12 C:/Users/bhard/Documents/Codex/2026-05-13/build-me-a-full-logistics-delivery/vendor/laravel/framework/src/Illuminate/Console/View/Components/Task.php(40): Illuminate/Foundation/Console/OptimizeClearCommand->Illuminate/Foundation/Console/{closure}()
#13 C:/Users/bhard/Documents/Codex/2026-05-13/build-me-a-full-logistics-delivery/vendor/laravel/framework/src/Illuminate/Console/View/Components/Factory.php(60): Illuminate/Console/View/Components/Task->render('views', Object(Closure))
#14 C:/Users/bhard/Documents/Codex/2026-05-13/build-me-a-full-logistics-delivery/vendor/laravel/framework/src/Illuminate/Foundation/Console/OptimizeClearCommand.php(48): Illuminate/Console/View/Components/Factory->__call('task', Array)
#15 C:/Users/bhard/Documents/Codex/2026-05-13/build-me-a-full-logistics-delivery/vendor/laravel/framework/src/Illuminate/Container/BoundMethod.php(36): Illuminate/Foundation/Console/OptimizeClearCommand->handle()
#16 C:/Users/bhard/Documents/Codex/2026-05-13/build-me-a-full-logistics-delivery/vendor/laravel/framework/src/Illuminate/Container/Util.php(43): Illuminate/Container/BoundMethod::Illuminate/Container/{closure}()
#17 C:/Users/bhard/Documents/Codex/2026-05-13/build-me-a-full-logistics-delivery/vendor/laravel/framework/src/Illuminate/Container/BoundMethod.php(95): Illuminate/Container/Util::unwrapIfClosure(Object(Closure))
#18 C:/Users/bhard/Documents/Codex/2026-05-13/build-me-a-full-logistics-delivery/vendor/laravel/framework/src/Illuminate/Container/BoundMethod.php(35): Illuminate/Container/BoundMethod::callBoundMethod(Object(Illuminate/Foundation/Application), Array, Object(Closure))
#19 C:/Users/bhard/Documents/Codex/2026-05-13/build-me-a-full-logistics-delivery/vendor/laravel/framework/src/Illuminate/Container/Container.php(696): Illuminate/Container/BoundMethod::call(Object(Illuminate/Foundation/Application), Array, Array, NULL)
#20 C:/Users/bhard/Documents/Codex/2026-05-13/build-me-a-full-logistics-delivery/vendor/laravel/framework/src/Illuminate/Console/Command.php(213): Illuminate/Container/Container->call(Array)
#21 C:/Users/bhard/Documents/Codex/2026-05-13/build-me-a-full-logistics-delivery/vendor/symfony/console/Command/Command.php(341): Illuminate/Console/Command->execute(Object(Symfony/Component/Console/Input/ArgvInput), Object(Illuminate/Console/OutputStyle))
#22 C:/Users/bhard/Documents/Codex/2026-05-13/build-me-a-full-logistics-delivery/vendor/laravel/framework/src/Illuminate/Console/Command.php(182): Symfony/Component/Console/Command/Command->run(Object(Symfony/Component/Console/Input/ArgvInput), Object(Illuminate/Console/OutputStyle))
#23 C:/Users/bhard/Documents/Codex/2026-05-13/build-me-a-full-logistics-delivery/vendor/symfony/console/Application.php(1117): Illuminate/Console/Command->run(Object(Symfony/Component/Console/Input/ArgvInput), Object(Symfony/Component/Console/Output/ConsoleOutput))
#24 C:/Users/bhard/Documents/Codex/2026-05-13/build-me-a-full-logistics-delivery/vendor/symfony/console/Application.php(356): Symfony/Component/Console/Application->doRunCommand(Object(Illuminate/Foundation/Console/OptimizeClearCommand), Object(Symfony/Component/Console/Input/ArgvInput), Object(Symfony/Component/Console/Output/ConsoleOutput))
#25 C:/Users/bhard/Documents/Codex/2026-05-13/build-me-a-full-logistics-delivery/vendor/symfony/console/Application.php(195): Symfony/Component/Console/Application->doRun(Object(Symfony/Component/Console/Input/ArgvInput), Object(Symfony/Component/Console/Output/ConsoleOutput))
#26 C:/Users/bhard/Documents/Codex/2026-05-13/build-me-a-full-logistics-delivery/vendor/laravel/framework/src/Illuminate/Foundation/Console/Kernel.php(198): Symfony/Component/Console/Application->run(Object(Symfony/Component/Console/Input/ArgvInput), Object(Symfony/Component/Console/Output/ConsoleOutput))
#27 C:/Users/bhard/Documents/Codex/2026-05-13/build-me-a-full-logistics-delivery/vendor/laravel/framework/src/Illuminate/Foundation/Application.php(1235): Illuminate/Foundation/Console/Kernel->handle(Object(Symfony/Component/Console/Input/ArgvInput), Object(Symfony/Component/Console/Output/ConsoleOutput))
#28 C:/Users/bhard/Documents/Codex/2026-05-13/build-me-a-full-logistics-delivery/artisan(14): Illuminate/Foundation/Application->handleCommand(Object(Symfony/Component/Console/Input/ArgvInput))
#29 {main}
"} 
[2026-05-13 22:38:06] local.ERROR: rename(C:\Users\bhard\Documents\Codex\2026-05-13\build-me-a-full-logistics-delivery\bootstrap\cache\pac3B86.tmp,C:\Users\bhard\Documents\Codex\2026-05-13\build-me-a-full-logistics-delivery\bootstrap\cache/packages.php): Access is denied (code: 5) {"exception":"[object] (ErrorException(code: 0): rename(C:\\Users\\bhard\\Documents\\Codex\\2026-05-13\\build-me-a-full-logistics-delivery\\bootstrap\\cache\\pac3B86.tmp,C:\\Users\\bhard\\Documents\\Codex\\2026-05-13\\build-me-a-full-logistics-delivery\\bootstrap\\cache/packages.php): Access is denied (code: 5) at C:/Users/bhard/Documents/Codex/2026-05-13/build-me-a-full-logistics-delivery/vendor/laravel/framework/src/Illuminate/Filesystem/Filesystem.php:233)
[stacktrace]
#0 C:/Users/bhard/Documents/Codex/2026-05-13/build-me-a-full-logistics-delivery/vendor/laravel/framework/src/Illuminate/Foundation/Bootstrap/HandleExceptions.php(258): Illuminate/Foundation/Bootstrap/HandleExceptions->handleError(2, 'rename(C://Users...', 'C://Users//bhard//...', 233)
#1 [internal function]: Illuminate/Foundation/Bootstrap/HandleExceptions->Illuminate/Foundation/Bootstrap/{closure}(2, 'rename(C://Users...', 'C://Users//bhard//...', 233)
#2 C:/Users/bhard/Documents/Codex/2026-05-13/build-me-a-full-logistics-delivery/vendor/laravel/framework/src/Illuminate/Filesystem/Filesystem.php(233): rename('C://Users//bhard//...', 'C://Users//bhard//...')
#3 C:/Users/bhard/Documents/Codex/2026-05-13/build-me-a-full-logistics-delivery/vendor/laravel/framework/src/Illuminate/Foundation/PackageManifest.php(182): Illuminate/Filesystem/Filesystem->replace('C://Users//bhard//...', '<?php return ar...')
#4 C:/Users/bhard/Documents/Codex/2026-05-13/build-me-a-full-logistics-delivery/vendor/laravel/framework/src/Illuminate/Foundation/PackageManifest.php(132): Illuminate/Foundation/PackageManifest->write(Array)
#5 C:/Users/bhard/Documents/Codex/2026-05-13/build-me-a-full-logistics-delivery/vendor/laravel/framework/src/Illuminate/Foundation/PackageManifest.php(108): Illuminate/Foundation/PackageManifest->build()
#6 C:/Users/bhard/Documents/Codex/2026-05-13/build-me-a-full-logistics-delivery/vendor/laravel/framework/src/Illuminate/Foundation/PackageManifest.php(91): Illuminate/Foundation/PackageManifest->getManifest()
#7 C:/Users/bhard/Documents/Codex/2026-05-13/build-me-a-full-logistics-delivery/vendor/laravel/framework/src/Illuminate/Foundation/PackageManifest.php(80): Illuminate/Foundation/PackageManifest->config('aliases')
#8 C:/Users/bhard/Documents/Codex/2026-05-13/build-me-a-full-logistics-delivery/vendor/laravel/framework/src/Illuminate/Foundation/Bootstrap/RegisterFacades.php(26): Illuminate/Foundation/PackageManifest->aliases()
#9 C:/Users/bhard/Documents/Codex/2026-05-13/build-me-a-full-logistics-delivery/vendor/laravel/framework/src/Illuminate/Foundation/Application.php(342): Illuminate/Foundation/Bootstrap/RegisterFacades->bootstrap(Object(Illuminate/Foundation/Application))
#10 C:/Users/bhard/Documents/Codex/2026-05-13/build-me-a-full-logistics-delivery/vendor/laravel/framework/src/Illuminate/Foundation/Console/Kernel.php(474): Illuminate/Foundation/Application->bootstrapWith(Array)
#11 C:/Users/bhard/Documents/Codex/2026-05-13/build-me-a-full-logistics-delivery/vendor/laravel/framework/src/Illuminate/Foundation/Console/Kernel.php(196): Illuminate/Foundation/Console/Kernel->bootstrap()
#12 C:/Users/bhard/Documents/Codex/2026-05-13/build-me-a-full-logistics-delivery/vendor/laravel/framework/src/Illuminate/Foundation/Application.php(1235): Illuminate/Foundation/Console/Kernel->handle(Object(Symfony/Component/Console/Input/ArgvInput), Object(Symfony/Component/Console/Output/ConsoleOutput))
#13 c:/Users/bhard/Documents/Codex/2026-05-13/build-me-a-full-logistics-delivery/artisan(14): Illuminate/Foundation/Application->handleCommand(Object(Symfony/Component/Console/Input/ArgvInput))
#14 {main}
"} 
[2026-05-13 22:39:29] local.ERROR: Writing to directory C:/Users/bhard/AppData/Roaming/PsySH is not allowed. {"exception":"[object] (ErrorException(code: 0): Writing to directory C:/Users/bhard/AppData/Roaming/PsySH is not allowed. at C:/Users/bhard/Documents/Codex/2026-05-13/build-me-a-full-logistics-delivery/vendor/psy/psysh/src/ConfigPaths.php:456)
[stacktrace]
#0 C:/Users/bhard/Documents/Codex/2026-05-13/build-me-a-full-logistics-delivery/vendor/laravel/framework/src/Illuminate/Foundation/Bootstrap/HandleExceptions.php(258): Illuminate/Foundation/Bootstrap/HandleExceptions->handleError(1024, 'Writing to dire...', 'C://Users//bhard//...', 456)
#1 [internal function]: Illuminate/Foundation/Bootstrap/HandleExceptions->Illuminate/Foundation/Bootstrap/{closure}(1024, 'Writing to dire...', 'C://Users//bhard//...', 456)
#2 C:/Users/bhard/Documents/Codex/2026-05-13/build-me-a-full-logistics-delivery/vendor/psy/psysh/src/ConfigPaths.php(456): trigger_error('Writing to dire...', 1024)
#3 C:/Users/bhard/Documents/Codex/2026-05-13/build-me-a-full-logistics-delivery/vendor/psy/psysh/src/ConfigPaths.php(485): Psy/ConfigPaths::ensureDir('C:/Users/bhard/...')
#4 C:/Users/bhard/Documents/Codex/2026-05-13/build-me-a-full-logistics-delivery/vendor/psy/psysh/src/Configuration.php(1076): Psy/ConfigPaths::touchFileWithMkdir('C:/Users/bhard/...')
#5 C:/Users/bhard/Documents/Codex/2026-05-13/build-me-a-full-logistics-delivery/vendor/psy/psysh/src/Configuration.php(1116): Psy/Configuration->setHistoryFile('C:/Users/bhard/...')
#6 C:/Users/bhard/Documents/Codex/2026-05-13/build-me-a-full-logistics-delivery/vendor/psy/psysh/src/Configuration.php(1293): Psy/Configuration->getHistoryFile()
#7 C:/Users/bhard/Documents/Codex/2026-05-13/build-me-a-full-logistics-delivery/vendor/psy/psysh/src/Shell.php(191): Psy/Configuration->getReadline()
#8 C:/Users/bhard/Documents/Codex/2026-05-13/build-me-a-full-logistics-delivery/vendor/psy/psysh/src/Shell.php(2171): Psy/Shell->boot()
#9 C:/Users/bhard/Documents/Codex/2026-05-13/build-me-a-full-logistics-delivery/vendor/laravel/tinker/src/Console/TinkerCommand.php(77): Psy/Shell->execute('echo App////Model...')
#10 C:/Users/bhard/Documents/Codex/2026-05-13/build-me-a-full-logistics-delivery/vendor/laravel/framework/src/Illuminate/Container/BoundMethod.php(36): Laravel/Tinker/Console/TinkerCommand->handle()
#11 C:/Users/bhard/Documents/Codex/2026-05-13/build-me-a-full-logistics-delivery/vendor/laravel/framework/src/Illuminate/Container/Util.php(43): Illuminate/Container/BoundMethod::Illuminate/Container/{closure}()
#12 C:/Users/bhard/Documents/Codex/2026-05-13/build-me-a-full-logistics-delivery/vendor/laravel/framework/src/Illuminate/Container/BoundMethod.php(95): Illuminate/Container/Util::unwrapIfClosure(Object(Closure))
#13 C:/Users/bhard/Documents/Codex/2026-05-13/build-me-a-full-logistics-delivery/vendor/laravel/framework/src/Illuminate/Container/BoundMethod.php(35): Illuminate/Container/BoundMethod::callBoundMethod(Object(Illuminate/Foundation/Application), Array, Object(Closure))
#14 C:/Users/bhard/Documents/Codex/2026-05-13/build-me-a-full-logistics-delivery/vendor/laravel/framework/src/Illuminate/Container/Container.php(696): Illuminate/Container/BoundMethod::call(Object(Illuminate/Foundation/Application), Array, Array, NULL)
#15 C:/Users/bhard/Documents/Codex/2026-05-13/build-me-a-full-logistics-delivery/vendor/laravel/framework/src/Illuminate/Console/Command.php(213): Illuminate/Container/Container->call(Array)
#16 C:/Users/bhard/Documents/Codex/2026-05-13/build-me-a-full-logistics-delivery/vendor/symfony/console/Command/Command.php(341): Illuminate/Console/Command->execute(Object(Symfony/Component/Console/Input/ArgvInput), Object(Illuminate/Console/OutputStyle))
#17 C:/Users/bhard/Documents/Codex/2026-05-13/build-me-a-full-logistics-delivery/vendor/laravel/framework/src/Illuminate/Console/Command.php(182): Symfony/Component/Console/Command/Command->run(Object(Symfony/Component/Console/Input/ArgvInput), Object(Illuminate/Console/OutputStyle))
#18 C:/Users/bhard/Documents/Codex/2026-05-13/build-me-a-full-logistics-delivery/vendor/symfony/console/Application.php(1117): Illuminate/Console/Command->run(Object(Symfony/Component/Console/Input/ArgvInput), Object(Symfony/Component/Console/Output/ConsoleOutput))
#19 C:/Users/bhard/Documents/Codex/2026-05-13/build-me-a-full-logistics-delivery/vendor/symfony/console/Application.php(356): Symfony/Component/Console/Application->doRunCommand(Object(Laravel/Tinker/Console/TinkerCommand), Object(Symfony/Component/Console/Input/ArgvInput), Object(Symfony/Component/Console/Output/ConsoleOutput))
#20 C:/Users/bhard/Documents/Codex/2026-05-13/build-me-a-full-logistics-delivery/vendor/symfony/console/Application.php(195): Symfony/Component/Console/Application->doRun(Object(Symfony/Component/Console/Input/ArgvInput), Object(Symfony/Component/Console/Output/ConsoleOutput))
#21 C:/Users/bhard/Documents/Codex/2026-05-13/build-me-a-full-logistics-delivery/vendor/laravel/framework/src/Illuminate/Foundation/Console/Kernel.php(198): Symfony/Component/Console/Application->run(Object(Symfony/Component/Console/Input/ArgvInput), Object(Symfony/Component/Console/Output/ConsoleOutput))
#22 C:/Users/bhard/Documents/Codex/2026-05-13/build-me-a-full-logistics-delivery/vendor/laravel/framework/src/Illuminate/Foundation/Application.php(1235): Illuminate/Foundation/Console/Kernel->handle(Object(Symfony/Component/Console/Input/ArgvInput), Object(Symfony/Component/Console/Output/ConsoleOutput))
#23 c:/Users/bhard/Documents/Codex/2026-05-13/build-me-a-full-logistics-delivery/artisan(14): Illuminate/Foundation/Application->handleCommand(Object(Symfony/Component/Console/Input/ArgvInput))
#24 {main}
"} 
[2026-05-13 22:39:58] local.ERROR: Writing to directory C:/Users/bhard/AppData/Roaming/PsySH is not allowed. {"exception":"[object] (ErrorException(code: 0): Writing to directory C:/Users/bhard/AppData/Roaming/PsySH is not allowed. at C:/Users/bhard/Documents/Codex/2026-05-13/build-me-a-full-logistics-delivery/vendor/psy/psysh/src/ConfigPaths.php:456)
[stacktrace]
#0 C:/Users/bhard/Documents/Codex/2026-05-13/build-me-a-full-logistics-delivery/vendor/laravel/framework/src/Illuminate/Foundation/Bootstrap/HandleExceptions.php(258): Illuminate/Foundation/Bootstrap/HandleExceptions->handleError(1024, 'Writing to dire...', 'C://Users//bhard//...', 456)
#1 [internal function]: Illuminate/Foundation/Bootstrap/HandleExceptions->Illuminate/Foundation/Bootstrap/{closure}(1024, 'Writing to dire...', 'C://Users//bhard//...', 456)
#2 C:/Users/bhard/Documents/Codex/2026-05-13/build-me-a-full-logistics-delivery/vendor/psy/psysh/src/ConfigPaths.php(456): trigger_error('Writing to dire...', 1024)
#3 C:/Users/bhard/Documents/Codex/2026-05-13/build-me-a-full-logistics-delivery/vendor/psy/psysh/src/ConfigPaths.php(485): Psy/ConfigPaths::ensureDir('C:/Users/bhard/...')
#4 C:/Users/bhard/Documents/Codex/2026-05-13/build-me-a-full-logistics-delivery/vendor/psy/psysh/src/Configuration.php(1076): Psy/ConfigPaths::touchFileWithMkdir('C:/Users/bhard/...')
#5 C:/Users/bhard/Documents/Codex/2026-05-13/build-me-a-full-logistics-delivery/vendor/psy/psysh/src/Configuration.php(1116): Psy/Configuration->setHistoryFile('C:/Users/bhard/...')
#6 C:/Users/bhard/Documents/Codex/2026-05-13/build-me-a-full-logistics-delivery/vendor/psy/psysh/src/Configuration.php(1293): Psy/Configuration->getHistoryFile()
#7 C:/Users/bhard/Documents/Codex/2026-05-13/build-me-a-full-logistics-delivery/vendor/psy/psysh/src/Shell.php(191): Psy/Configuration->getReadline()
#8 C:/Users/bhard/Documents/Codex/2026-05-13/build-me-a-full-logistics-delivery/vendor/psy/psysh/src/Shell.php(2171): Psy/Shell->boot()
#9 C:/Users/bhard/Documents/Codex/2026-05-13/build-me-a-full-logistics-delivery/vendor/laravel/tinker/src/Console/TinkerCommand.php(77): Psy/Shell->execute('echo App////Model...')
#10 C:/Users/bhard/Documents/Codex/2026-05-13/build-me-a-full-logistics-delivery/vendor/laravel/framework/src/Illuminate/Container/BoundMethod.php(36): Laravel/Tinker/Console/TinkerCommand->handle()
#11 C:/Users/bhard/Documents/Codex/2026-05-13/build-me-a-full-logistics-delivery/vendor/laravel/framework/src/Illuminate/Container/Util.php(43): Illuminate/Container/BoundMethod::Illuminate/Container/{closure}()
#12 C:/Users/bhard/Documents/Codex/2026-05-13/build-me-a-full-logistics-delivery/vendor/laravel/framework/src/Illuminate/Container/BoundMethod.php(95): Illuminate/Container/Util::unwrapIfClosure(Object(Closure))
#13 C:/Users/bhard/Documents/Codex/2026-05-13/build-me-a-full-logistics-delivery/vendor/laravel/framework/src/Illuminate/Container/BoundMethod.php(35): Illuminate/Container/BoundMethod::callBoundMethod(Object(Illuminate/Foundation/Application), Array, Object(Closure))
#14 C:/Users/bhard/Documents/Codex/2026-05-13/build-me-a-full-logistics-delivery/vendor/laravel/framework/src/Illuminate/Container/Container.php(696): Illuminate/Container/BoundMethod::call(Object(Illuminate/Foundation/Application), Array, Array, NULL)
#15 C:/Users/bhard/Documents/Codex/2026-05-13/build-me-a-full-logistics-delivery/vendor/laravel/framework/src/Illuminate/Console/Command.php(213): Illuminate/Container/Container->call(Array)
#16 C:/Users/bhard/Documents/Codex/2026-05-13/build-me-a-full-logistics-delivery/vendor/symfony/console/Command/Command.php(341): Illuminate/Console/Command->execute(Object(Symfony/Component/Console/Input/ArgvInput), Object(Illuminate/Console/OutputStyle))
#17 C:/Users/bhard/Documents/Codex/2026-05-13/build-me-a-full-logistics-delivery/vendor/laravel/framework/src/Illuminate/Console/Command.php(182): Symfony/Component/Console/Command/Command->run(Object(Symfony/Component/Console/Input/ArgvInput), Object(Illuminate/Console/OutputStyle))
#18 C:/Users/bhard/Documents/Codex/2026-05-13/build-me-a-full-logistics-delivery/vendor/symfony/console/Application.php(1117): Illuminate/Console/Command->run(Object(Symfony/Component/Console/Input/ArgvInput), Object(Symfony/Component/Console/Output/ConsoleOutput))
#19 C:/Users/bhard/Documents/Codex/2026-05-13/build-me-a-full-logistics-delivery/vendor/symfony/console/Application.php(356): Symfony/Component/Console/Application->doRunCommand(Object(Laravel/Tinker/Console/TinkerCommand), Object(Symfony/Component/Console/Input/ArgvInput), Object(Symfony/Component/Console/Output/ConsoleOutput))
#20 C:/Users/bhard/Documents/Codex/2026-05-13/build-me-a-full-logistics-delivery/vendor/symfony/console/Application.php(195): Symfony/Component/Console/Application->doRun(Object(Symfony/Component/Console/Input/ArgvInput), Object(Symfony/Component/Console/Output/ConsoleOutput))
#21 C:/Users/bhard/Documents/Codex/2026-05-13/build-me-a-full-logistics-delivery/vendor/laravel/framework/src/Illuminate/Foundation/Console/Kernel.php(198): Symfony/Component/Console/Application->run(Object(Symfony/Component/Console/Input/ArgvInput), Object(Symfony/Component/Console/Output/ConsoleOutput))
#22 C:/Users/bhard/Documents/Codex/2026-05-13/build-me-a-full-logistics-delivery/vendor/laravel/framework/src/Illuminate/Foundation/Application.php(1235): Illuminate/Foundation/Console/Kernel->handle(Object(Symfony/Component/Console/Input/ArgvInput), Object(Symfony/Component/Console/Output/ConsoleOutput))
#23 C:/Users/bhard/Documents/Codex/2026-05-13/build-me-a-full-logistics-delivery/artisan(14): Illuminate/Foundation/Application->handleCommand(Object(Symfony/Component/Console/Input/ArgvInput))
#24 {main}
"} 
[2026-05-14 01:58:59] local.ERROR: This method is not supported by MongoDB. Try "toMql()" instead. {"userId":"6a04b02af7c2e0e0e106d692","exception":"[object] (BadMethodCallException(code: 0): This method is not supported by MongoDB. Try \"toMql()\" instead. at C:/Users/bhard/Documents/Codex/2026-05-13/build-me-a-full-logistics-delivery/vendor/mongodb/laravel-mongodb/src/Query/Builder.php:1772)
[stacktrace]
#0 C:/Users/bhard/Documents/Codex/2026-05-13/build-me-a-full-logistics-delivery/vendor/laravel/framework/src/Illuminate/Database/Query/Builder.php(391): MongoDB/Laravel/Query/Builder->toSql()
#1 C:/Users/bhard/Documents/Codex/2026-05-13/build-me-a-full-logistics-delivery/vendor/laravel/framework/src/Illuminate/Database/Query/Builder.php(375): Illuminate/Database/Query/Builder->parseSub(Object(MongoDB/Laravel/Query/Builder))
#2 C:/Users/bhard/Documents/Codex/2026-05-13/build-me-a-full-logistics-delivery/vendor/laravel/framework/src/Illuminate/Database/Query/Builder.php(302): Illuminate/Database/Query/Builder->createSub(Object(MongoDB/Laravel/Query/Builder))
#3 C:/Users/bhard/Documents/Codex/2026-05-13/build-me-a-full-logistics-delivery/vendor/laravel/framework/src/Illuminate/Support/Traits/ForwardsCalls.php(23): Illuminate/Database/Query/Builder->selectSub(Object(MongoDB/Laravel/Query/Builder), 'shipments_count')
#4 C:/Users/bhard/Documents/Codex/2026-05-13/build-me-a-full-logistics-delivery/vendor/laravel/framework/src/Illuminate/Database/Eloquent/Builder.php(2123): Illuminate/Database/Eloquent/Builder->forwardCallTo(Object(MongoDB/Laravel/Query/Builder), 'selectSub', Array)
#5 C:/Users/bhard/Documents/Codex/2026-05-13/build-me-a-full-logistics-delivery/vendor/laravel/framework/src/Illuminate/Database/Eloquent/Concerns/QueriesRelationships.php(853): Illuminate/Database/Eloquent/Builder->__call('selectSub', Array)
#6 C:/Users/bhard/Documents/Codex/2026-05-13/build-me-a-full-logistics-delivery/vendor/laravel/framework/src/Illuminate/Database/Eloquent/Concerns/QueriesRelationships.php(889): Illuminate/Database/Eloquent/Builder->withAggregate(Array, '*', 'count')
#7 C:/Users/bhard/Documents/Codex/2026-05-13/build-me-a-full-logistics-delivery/vendor/laravel/framework/src/Illuminate/Support/Traits/ForwardsCalls.php(23): Illuminate/Database/Eloquent/Builder->withCount('shipments')
#8 C:/Users/bhard/Documents/Codex/2026-05-13/build-me-a-full-logistics-delivery/vendor/laravel/framework/src/Illuminate/Database/Eloquent/Model.php(2372): Illuminate/Database/Eloquent/Model->forwardCallTo(Object(MongoDB/Laravel/Eloquent/Builder), 'withCount', Array)
#9 C:/Users/bhard/Documents/Codex/2026-05-13/build-me-a-full-logistics-delivery/vendor/laravel/framework/src/Illuminate/Database/Eloquent/Model.php(2384): Illuminate/Database/Eloquent/Model->__call('withCount', Array)
#10 C:/Users/bhard/Documents/Codex/2026-05-13/build-me-a-full-logistics-delivery/app/Http/Controllers/CarrierController.php(13): Illuminate/Database/Eloquent/Model::__callStatic('withCount', Array)
#11 C:/Users/bhard/Documents/Codex/2026-05-13/build-me-a-full-logistics-delivery/vendor/laravel/framework/src/Illuminate/Routing/ControllerDispatcher.php(47): App/Http/Controllers/CarrierController->index(Object(Illuminate/Http/Request))
#12 C:/Users/bhard/Documents/Codex/2026-05-13/build-me-a-full-logistics-delivery/vendor/laravel/framework/src/Illuminate/Routing/Route.php(266): Illuminate/Routing/ControllerDispatcher->dispatch(Object(Illuminate/Routing/Route), Object(App/Http/Controllers/CarrierController), 'index')
#13 C:/Users/bhard/Documents/Codex/2026-05-13/build-me-a-full-logistics-delivery/vendor/laravel/framework/src/Illuminate/Routing/Route.php(212): Illuminate/Routing/Route->runController()
#14 C:/Users/bhard/Documents/Codex/2026-05-13/build-me-a-full-logistics-delivery/vendor/laravel/framework/src/Illuminate/Routing/Router.php(808): Illuminate/Routing/Route->run()
#15 C:/Users/bhard/Documents/Codex/2026-05-13/build-me-a-full-logistics-delivery/vendor/laravel/framework/src/Illuminate/Pipeline/Pipeline.php(170): Illuminate/Routing/Router->Illuminate/Routing/{closure}(Object(Illuminate/Http/Request))
#16 C:/Users/bhard/Documents/Codex/2026-05-13/build-me-a-full-logistics-delivery/vendor/laravel/framework/src/Illuminate/Routing/Middleware/SubstituteBindings.php(51): Illuminate/Pipeline/Pipeline->Illuminate/Pipeline/{closure}(Object(Illuminate/Http/Request))
#17 C:/Users/bhard/Documents/Codex/2026-05-13/build-me-a-full-logistics-delivery/vendor/laravel/framework/src/Illuminate/Pipeline/Pipeline.php(209): Illuminate/Routing/Middleware/SubstituteBindings->handle(Object(Illuminate/Http/Request), Object(Closure))
#18 C:/Users/bhard/Documents/Codex/2026-05-13/build-me-a-full-logistics-delivery/vendor/laravel/framework/src/Illuminate/Auth/Middleware/Authenticate.php(64): Illuminate/Pipeline/Pipeline->Illuminate/Pipeline/{closure}(Object(Illuminate/Http/Request))
#19 C:/Users/bhard/Documents/Codex/2026-05-13/build-me-a-full-logistics-delivery/vendor/laravel/framework/src/Illuminate/Pipeline/Pipeline.php(209): Illuminate/Auth/Middleware/Authenticate->handle(Object(Illuminate/Http/Request), Object(Closure))
#20 C:/Users/bhard/Documents/Codex/2026-05-13/build-me-a-full-logistics-delivery/vendor/laravel/framework/src/Illuminate/Foundation/Http/Middleware/VerifyCsrfToken.php(88): Illuminate/Pipeline/Pipeline->Illuminate/Pipeline/{closure}(Object(Illuminate/Http/Request))
#21 C:/Users/bhard/Documents/Codex/2026-05-13/build-me-a-full-logistics-delivery/vendor/laravel/framework/src/Illuminate/Pipeline/Pipeline.php(209): Illuminate/Foundation/Http/Middleware/VerifyCsrfToken->handle(Object(Illuminate/Http/Request), Object(Closure))
#22 C:/Users/bhard/Documents/Codex/2026-05-13/build-me-a-full-logistics-delivery/vendor/laravel/framework/src/Illuminate/View/Middleware/ShareErrorsFromSession.php(49): Illuminate/Pipeline/Pipeline->Illuminate/Pipeline/{closure}(Object(Illuminate/Http/Request))
#23 C:/Users/bhard/Documents/Codex/2026-05-13/build-me-a-full-logistics-delivery/vendor/laravel/framework/src/Illuminate/Pipeline/Pipeline.php(209): Illuminate/View/Middleware/ShareErrorsFromSession->handle(Object(Illuminate/Http/Request), Object(Closure))
#24 C:/Users/bhard/Documents/Codex/2026-05-13/build-me-a-full-logistics-delivery/vendor/laravel/framework/src/Illuminate/Session/Middleware/StartSession.php(121): Illuminate/Pipeline/Pipeline->Illuminate/Pipeline/{closure}(Object(Illuminate/Http/Request))
#25 C:/Users/bhard/Documents/Codex/2026-05-13/build-me-a-full-logistics-delivery/vendor/laravel/framework/src/Illuminate/Session/Middleware/StartSession.php(64): Illuminate/Session/Middleware/StartSession->handleStatefulRequest(Object(Illuminate/Http/Request), Object(Illuminate/Session/Store), Object(Closure))
#26 C:/Users/bhard/Documents/Codex/2026-05-13/build-me-a-full-logistics-delivery/vendor/laravel/framework/src/Illuminate/Pipeline/Pipeline.php(209): Illuminate/Session/Middleware/StartSession->handle(Object(Illuminate/Http/Request), Object(Closure))
#27 C:/Users/bhard/Documents/Codex/2026-05-13/build-me-a-full-logistics-delivery/vendor/laravel/framework/src/Illuminate/Cookie/Middleware/AddQueuedCookiesToResponse.php(37): Illuminate/Pipeline/Pipeline->Illuminate/Pipeline/{closure}(Object(Illuminate/Http/Request))
#28 C:/Users/bhard/Documents/Codex/2026-05-13/build-me-a-full-logistics-delivery/vendor/laravel/framework/src/Illuminate/Pipeline/Pipeline.php(209): Illuminate/Cookie/Middleware/AddQueuedCookiesToResponse->handle(Object(Illuminate/Http/Request), Object(Closure))
#29 C:/Users/bhard/Documents/Codex/2026-05-13/build-me-a-full-logistics-delivery/vendor/laravel/framework/src/Illuminate/Cookie/Middleware/EncryptCookies.php(75): Illuminate/Pipeline/Pipeline->Illuminate/Pipeline/{closure}(Object(Illuminate/Http/Request))
#30 C:/Users/bhard/Documents/Codex/2026-05-13/build-me-a-full-logistics-delivery/vendor/laravel/framework/src/Illuminate/Pipeline/Pipeline.php(209): Illuminate/Cookie/Middleware/EncryptCookies->handle(Object(Illuminate/Http/Request), Object(Closure))
#31 C:/Users/bhard/Documents/Codex/2026-05-13/build-me-a-full-logistics-delivery/vendor/laravel/framework/src/Illuminate/Pipeline/Pipeline.php(127): Illuminate/Pipeline/Pipeline->Illuminate/Pipeline/{closure}(Object(Illuminate/Http/Request))
#32 C:/Users/bhard/Documents/Codex/2026-05-13/build-me-a-full-logistics-delivery/vendor/laravel/framework/src/Illuminate/Routing/Router.php(807): Illuminate/Pipeline/Pipeline->then(Object(Closure))
#33 C:/Users/bhard/Documents/Codex/2026-05-13/build-me-a-full-logistics-delivery/vendor/laravel/framework/src/Illuminate/Routing/Router.php(786): Illuminate/Routing/Router->runRouteWithinStack(Object(Illuminate/Routing/Route), Object(Illuminate/Http/Request))
#34 C:/Users/bhard/Documents/Codex/2026-05-13/build-me-a-full-logistics-delivery/vendor/laravel/framework/src/Illuminate/Routing/Router.php(750): Illuminate/Routing/Router->runRoute(Object(Illuminate/Http/Request), Object(Illuminate/Routing/Route))
#35 C:/Users/bhard/Documents/Codex/2026-05-13/build-me-a-full-logistics-delivery/vendor/laravel/framework/src/Illuminate/Routing/Router.php(739): Illuminate/Routing/Router->dispatchToRoute(Object(Illuminate/Http/Request))
#36 C:/Users/bhard/Documents/Codex/2026-05-13/build-me-a-full-logistics-delivery/vendor/laravel/framework/src/Illuminate/Foundation/Http/Kernel.php(201): Illuminate/Routing/Router->dispatch(Object(Illuminate/Http/Request))
#37 C:/Users/bhard/Documents/Codex/2026-05-13/build-me-a-full-logistics-delivery/vendor/laravel/framework/src/Illuminate/Pipeline/Pipeline.php(170): Illuminate/Foundation/Http/Kernel->Illuminate/Foundation/Http/{closure}(Object(Illuminate/Http/Request))
#38 C:/Users/bhard/Documents/Codex/2026-05-13/build-me-a-full-logistics-delivery/vendor/laravel/framework/src/Illuminate/Foundation/Http/Middleware/TransformsRequest.php(21): Illuminate/Pipeline/Pipeline->Illuminate/Pipeline/{closure}(Object(Illuminate/Http/Request))
#39 C:/Users/bhard/Documents/Codex/2026-05-13/build-me-a-full-logistics-delivery/vendor/laravel/framework/src/Illuminate/Foundation/Http/Middleware/ConvertEmptyStringsToNull.php(31): Illuminate/Foundation/Http/Middleware/TransformsRequest->handle(Object(Illuminate/Http/Request), Object(Closure))
#40 C:/Users/bhard/Documents/Codex/2026-05-13/build-me-a-full-logistics-delivery/vendor/laravel/framework/src/Illuminate/Pipeline/Pipeline.php(209): Illuminate/Foundation/Http/Middleware/ConvertEmptyStringsToNull->handle(Object(Illuminate/Http/Request), Object(Closure))
#41 C:/Users/bhard/Documents/Codex/2026-05-13/build-me-a-full-logistics-delivery/vendor/laravel/framework/src/Illuminate/Foundation/Http/Middleware/TransformsRequest.php(21): Illuminate/Pipeline/Pipeline->Illuminate/Pipeline/{closure}(Object(Illuminate/Http/Request))
#42 C:/Users/bhard/Documents/Codex/2026-05-13/build-me-a-full-logistics-delivery/vendor/laravel/framework/src/Illuminate/Foundation/Http/Middleware/TrimStrings.php(51): Illuminate/Foundation/Http/Middleware/TransformsRequest->handle(Object(Illuminate/Http/Request), Object(Closure))
#43 C:/Users/bhard/Documents/Codex/2026-05-13/build-me-a-full-logistics-delivery/vendor/laravel/framework/src/Illuminate/Pipeline/Pipeline.php(209): Illuminate/Foundation/Http/Middleware/TrimStrings->handle(Object(Illuminate/Http/Request), Object(Closure))
#44 C:/Users/bhard/Documents/Codex/2026-05-13/build-me-a-full-logistics-delivery/vendor/laravel/framework/src/Illuminate/Http/Middleware/ValidatePostSize.php(27): Illuminate/Pipeline/Pipeline->Illuminate/Pipeline/{closure}(Object(Illuminate/Http/Request))
#45 C:/Users/bhard/Documents/Codex/2026-05-13/build-me-a-full-logistics-delivery/vendor/laravel/framework/src/Illuminate/Pipeline/Pipeline.php(209): Illuminate/Http/Middleware/ValidatePostSize->handle(Object(Illuminate/Http/Request), Object(Closure))
#46 C:/Users/bhard/Documents/Codex/2026-05-13/build-me-a-full-logistics-delivery/vendor/laravel/framework/src/Illuminate/Foundation/Http/Middleware/PreventRequestsDuringMaintenance.php(110): Illuminate/Pipeline/Pipeline->Illuminate/Pipeline/{closure}(Object(Illuminate/Http/Request))
#47 C:/Users/bhard/Documents/Codex/2026-05-13/build-me-a-full-logistics-delivery/vendor/laravel/framework/src/Illuminate/Pipeline/Pipeline.php(209): Illuminate/Foundation/Http/Middleware/PreventRequestsDuringMaintenance->handle(Object(Illuminate/Http/Request), Object(Closure))
#48 C:/Users/bhard/Documents/Codex/2026-05-13/build-me-a-full-logistics-delivery/vendor/laravel/framework/src/Illuminate/Http/Middleware/HandleCors.php(49): Illuminate/Pipeline/Pipeline->Illuminate/Pipeline/{closure}(Object(Illuminate/Http/Request))
#49 C:/Users/bhard/Documents/Codex/2026-05-13/build-me-a-full-logistics-delivery/vendor/laravel/framework/src/Illuminate/Pipeline/Pipeline.php(209): Illuminate/Http/Middleware/HandleCors->handle(Object(Illuminate/Http/Request), Object(Closure))
#50 C:/Users/bhard/Documents/Codex/2026-05-13/build-me-a-full-logistics-delivery/vendor/laravel/framework/src/Illuminate/Http/Middleware/TrustProxies.php(58): Illuminate/Pipeline/Pipeline->Illuminate/Pipeline/{closure}(Object(Illuminate/Http/Request))
#51 C:/Users/bhard/Documents/Codex/2026-05-13/build-me-a-full-logistics-delivery/vendor/laravel/framework/src/Illuminate/Pipeline/Pipeline.php(209): Illuminate/Http/Middleware/TrustProxies->handle(Object(Illuminate/Http/Request), Object(Closure))
#52 C:/Users/bhard/Documents/Codex/2026-05-13/build-me-a-full-logistics-delivery/vendor/laravel/framework/src/Illuminate/Foundation/Http/Middleware/InvokeDeferredCallbacks.php(22): Illuminate/Pipeline/Pipeline->Illuminate/Pipeline/{closure}(Object(Illuminate/Http/Request))
#53 C:/Users/bhard/Documents/Codex/2026-05-13/build-me-a-full-logistics-delivery/vendor/laravel/framework/src/Illuminate/Pipeline/Pipeline.php(209): Illuminate/Foundation/Http/Middleware/InvokeDeferredCallbacks->handle(Object(Illuminate/Http/Request), Object(Closure))
#54 C:/Users/bhard/Documents/Codex/2026-05-13/build-me-a-full-logistics-delivery/vendor/laravel/framework/src/Illuminate/Pipeline/Pipeline.php(127): Illuminate/Pipeline/Pipeline->Illuminate/Pipeline/{closure}(Object(Illuminate/Http/Request))
#55 C:/Users/bhard/Documents/Codex/2026-05-13/build-me-a-full-logistics-delivery/vendor/laravel/framework/src/Illuminate/Foundation/Http/Kernel.php(176): Illuminate/Pipeline/Pipeline->then(Object(Closure))
#56 C:/Users/bhard/Documents/Codex/2026-05-13/build-me-a-full-logistics-delivery/vendor/laravel/framework/src/Illuminate/Foundation/Http/Kernel.php(145): Illuminate/Foundation/Http/Kernel->sendRequestThroughRouter(Object(Illuminate/Http/Request))
#57 C:/Users/bhard/Documents/Codex/2026-05-13/build-me-a-full-logistics-delivery/vendor/laravel/framework/src/Illuminate/Foundation/Application.php(1220): Illuminate/Foundation/Http/Kernel->handle(Object(Illuminate/Http/Request))
#58 C:/Users/bhard/Documents/Codex/2026-05-13/build-me-a-full-logistics-delivery/public/index.php(17): Illuminate/Foundation/Application->handleRequest(Object(Illuminate/Http/Request))
#59 C:/Users/bhard/Documents/Codex/2026-05-13/build-me-a-full-logistics-delivery/vendor/laravel/framework/src/Illuminate/Foundation/resources/server.php(23): require_once('C://Users//bhard//...')
#60 {main}
"} 
[2026-05-14 01:59:06] local.ERROR: This method is not supported by MongoDB. Try "toMql()" instead. {"userId":"6a04b02af7c2e0e0e106d692","exception":"[object] (BadMethodCallException(code: 0): This method is not supported by MongoDB. Try \"toMql()\" instead. at C:/Users/bhard/Documents/Codex/2026-05-13/build-me-a-full-logistics-delivery/vendor/mongodb/laravel-mongodb/src/Query/Builder.php:1772)
[stacktrace]
#0 C:/Users/bhard/Documents/Codex/2026-05-13/build-me-a-full-logistics-delivery/vendor/laravel/framework/src/Illuminate/Database/Query/Builder.php(391): MongoDB/Laravel/Query/Builder->toSql()
#1 C:/Users/bhard/Documents/Codex/2026-05-13/build-me-a-full-logistics-delivery/vendor/laravel/framework/src/Illuminate/Database/Query/Builder.php(375): Illuminate/Database/Query/Builder->parseSub(Object(MongoDB/Laravel/Query/Builder))
#2 C:/Users/bhard/Documents/Codex/2026-05-13/build-me-a-full-logistics-delivery/vendor/laravel/framework/src/Illuminate/Database/Query/Builder.php(302): Illuminate/Database/Query/Builder->createSub(Object(MongoDB/Laravel/Query/Builder))
#3 C:/Users/bhard/Documents/Codex/2026-05-13/build-me-a-full-logistics-delivery/vendor/laravel/framework/src/Illuminate/Support/Traits/ForwardsCalls.php(23): Illuminate/Database/Query/Builder->selectSub(Object(MongoDB/Laravel/Query/Builder), 'shipments_count')
#4 C:/Users/bhard/Documents/Codex/2026-05-13/build-me-a-full-logistics-delivery/vendor/laravel/framework/src/Illuminate/Database/Eloquent/Builder.php(2123): Illuminate/Database/Eloquent/Builder->forwardCallTo(Object(MongoDB/Laravel/Query/Builder), 'selectSub', Array)
#5 C:/Users/bhard/Documents/Codex/2026-05-13/build-me-a-full-logistics-delivery/vendor/laravel/framework/src/Illuminate/Database/Eloquent/Concerns/QueriesRelationships.php(853): Illuminate/Database/Eloquent/Builder->__call('selectSub', Array)
#6 C:/Users/bhard/Documents/Codex/2026-05-13/build-me-a-full-logistics-delivery/vendor/laravel/framework/src/Illuminate/Database/Eloquent/Concerns/QueriesRelationships.php(889): Illuminate/Database/Eloquent/Builder->withAggregate(Array, '*', 'count')
#7 C:/Users/bhard/Documents/Codex/2026-05-13/build-me-a-full-logistics-delivery/vendor/laravel/framework/src/Illuminate/Support/Traits/ForwardsCalls.php(23): Illuminate/Database/Eloquent/Builder->withCount('shipments')
#8 C:/Users/bhard/Documents/Codex/2026-05-13/build-me-a-full-logistics-delivery/vendor/laravel/framework/src/Illuminate/Database/Eloquent/Model.php(2372): Illuminate/Database/Eloquent/Model->forwardCallTo(Object(MongoDB/Laravel/Eloquent/Builder), 'withCount', Array)
#9 C:/Users/bhard/Documents/Codex/2026-05-13/build-me-a-full-logistics-delivery/vendor/laravel/framework/src/Illuminate/Database/Eloquent/Model.php(2384): Illuminate/Database/Eloquent/Model->__call('withCount', Array)
#10 C:/Users/bhard/Documents/Codex/2026-05-13/build-me-a-full-logistics-delivery/app/Http/Controllers/CarrierController.php(13): Illuminate/Database/Eloquent/Model::__callStatic('withCount', Array)
#11 C:/Users/bhard/Documents/Codex/2026-05-13/build-me-a-full-logistics-delivery/vendor/laravel/framework/src/Illuminate/Routing/ControllerDispatcher.php(47): App/Http/Controllers/CarrierController->index(Object(Illuminate/Http/Request))
#12 C:/Users/bhard/Documents/Codex/2026-05-13/build-me-a-full-logistics-delivery/vendor/laravel/framework/src/Illuminate/Routing/Route.php(266): Illuminate/Routing/ControllerDispatcher->dispatch(Object(Illuminate/Routing/Route), Object(App/Http/Controllers/CarrierController), 'index')
#13 C:/Users/bhard/Documents/Codex/2026-05-13/build-me-a-full-logistics-delivery/vendor/laravel/framework/src/Illuminate/Routing/Route.php(212): Illuminate/Routing/Route->runController()
#14 C:/Users/bhard/Documents/Codex/2026-05-13/build-me-a-full-logistics-delivery/vendor/laravel/framework/src/Illuminate/Routing/Router.php(808): Illuminate/Routing/Route->run()
#15 C:/Users/bhard/Documents/Codex/2026-05-13/build-me-a-full-logistics-delivery/vendor/laravel/framework/src/Illuminate/Pipeline/Pipeline.php(170): Illuminate/Routing/Router->Illuminate/Routing/{closure}(Object(Illuminate/Http/Request))
#16 C:/Users/bhard/Documents/Codex/2026-05-13/build-me-a-full-logistics-delivery/vendor/laravel/framework/src/Illuminate/Routing/Middleware/SubstituteBindings.php(51): Illuminate/Pipeline/Pipeline->Illuminate/Pipeline/{closure}(Object(Illuminate/Http/Request))
#17 C:/Users/bhard/Documents/Codex/2026-05-13/build-me-a-full-logistics-delivery/vendor/laravel/framework/src/Illuminate/Pipeline/Pipeline.php(209): Illuminate/Routing/Middleware/SubstituteBindings->handle(Object(Illuminate/Http/Request), Object(Closure))
#18 C:/Users/bhard/Documents/Codex/2026-05-13/build-me-a-full-logistics-delivery/vendor/laravel/framework/src/Illuminate/Auth/Middleware/Authenticate.php(64): Illuminate/Pipeline/Pipeline->Illuminate/Pipeline/{closure}(Object(Illuminate/Http/Request))
#19 C:/Users/bhard/Documents/Codex/2026-05-13/build-me-a-full-logistics-delivery/vendor/laravel/framework/src/Illuminate/Pipeline/Pipeline.php(209): Illuminate/Auth/Middleware/Authenticate->handle(Object(Illuminate/Http/Request), Object(Closure))
#20 C:/Users/bhard/Documents/Codex/2026-05-13/build-me-a-full-logistics-delivery/vendor/laravel/framework/src/Illuminate/Foundation/Http/Middleware/VerifyCsrfToken.php(88): Illuminate/Pipeline/Pipeline->Illuminate/Pipeline/{closure}(Object(Illuminate/Http/Request))
#21 C:/Users/bhard/Documents/Codex/2026-05-13/build-me-a-full-logistics-delivery/vendor/laravel/framework/src/Illuminate/Pipeline/Pipeline.php(209): Illuminate/Foundation/Http/Middleware/VerifyCsrfToken->handle(Object(Illuminate/Http/Request), Object(Closure))
#22 C:/Users/bhard/Documents/Codex/2026-05-13/build-me-a-full-logistics-delivery/vendor/laravel/framework/src/Illuminate/View/Middleware/ShareErrorsFromSession.php(49): Illuminate/Pipeline/Pipeline->Illuminate/Pipeline/{closure}(Object(Illuminate/Http/Request))
#23 C:/Users/bhard/Documents/Codex/2026-05-13/build-me-a-full-logistics-delivery/vendor/laravel/framework/src/Illuminate/Pipeline/Pipeline.php(209): Illuminate/View/Middleware/ShareErrorsFromSession->handle(Object(Illuminate/Http/Request), Object(Closure))
#24 C:/Users/bhard/Documents/Codex/2026-05-13/build-me-a-full-logistics-delivery/vendor/laravel/framework/src/Illuminate/Session/Middleware/StartSession.php(121): Illuminate/Pipeline/Pipeline->Illuminate/Pipeline/{closure}(Object(Illuminate/Http/Request))
#25 C:/Users/bhard/Documents/Codex/2026-05-13/build-me-a-full-logistics-delivery/vendor/laravel/framework/src/Illuminate/Session/Middleware/StartSession.php(64): Illuminate/Session/Middleware/StartSession->handleStatefulRequest(Object(Illuminate/Http/Request), Object(Illuminate/Session/Store), Object(Closure))
#26 C:/Users/bhard/Documents/Codex/2026-05-13/build-me-a-full-logistics-delivery/vendor/laravel/framework/src/Illuminate/Pipeline/Pipeline.php(209): Illuminate/Session/Middleware/StartSession->handle(Object(Illuminate/Http/Request), Object(Closure))
#27 C:/Users/bhard/Documents/Codex/2026-05-13/build-me-a-full-logistics-delivery/vendor/laravel/framework/src/Illuminate/Cookie/Middleware/AddQueuedCookiesToResponse.php(37): Illuminate/Pipeline/Pipeline->Illuminate/Pipeline/{closure}(Object(Illuminate/Http/Request))
#28 C:/Users/bhard/Documents/Codex/2026-05-13/build-me-a-full-logistics-delivery/vendor/laravel/framework/src/Illuminate/Pipeline/Pipeline.php(209): Illuminate/Cookie/Middleware/AddQueuedCookiesToResponse->handle(Object(Illuminate/Http/Request), Object(Closure))
#29 C:/Users/bhard/Documents/Codex/2026-05-13/build-me-a-full-logistics-delivery/vendor/laravel/framework/src/Illuminate/Cookie/Middleware/EncryptCookies.php(75): Illuminate/Pipeline/Pipeline->Illuminate/Pipeline/{closure}(Object(Illuminate/Http/Request))
#30 C:/Users/bhard/Documents/Codex/2026-05-13/build-me-a-full-logistics-delivery/vendor/laravel/framework/src/Illuminate/Pipeline/Pipeline.php(209): Illuminate/Cookie/Middleware/EncryptCookies->handle(Object(Illuminate/Http/Request), Object(Closure))
#31 C:/Users/bhard/Documents/Codex/2026-05-13/build-me-a-full-logistics-delivery/vendor/laravel/framework/src/Illuminate/Pipeline/Pipeline.php(127): Illuminate/Pipeline/Pipeline->Illuminate/Pipeline/{closure}(Object(Illuminate/Http/Request))
#32 C:/Users/bhard/Documents/Codex/2026-05-13/build-me-a-full-logistics-delivery/vendor/laravel/framework/src/Illuminate/Routing/Router.php(807): Illuminate/Pipeline/Pipeline->then(Object(Closure))
#33 C:/Users/bhard/Documents/Codex/2026-05-13/build-me-a-full-logistics-delivery/vendor/laravel/framework/src/Illuminate/Routing/Router.php(786): Illuminate/Routing/Router->runRouteWithinStack(Object(Illuminate/Routing/Route), Object(Illuminate/Http/Request))
#34 C:/Users/bhard/Documents/Codex/2026-05-13/build-me-a-full-logistics-delivery/vendor/laravel/framework/src/Illuminate/Routing/Router.php(750): Illuminate/Routing/Router->runRoute(Object(Illuminate/Http/Request), Object(Illuminate/Routing/Route))
#35 C:/Users/bhard/Documents/Codex/2026-05-13/build-me-a-full-logistics-delivery/vendor/laravel/framework/src/Illuminate/Routing/Router.php(739): Illuminate/Routing/Router->dispatchToRoute(Object(Illuminate/Http/Request))
#36 C:/Users/bhard/Documents/Codex/2026-05-13/build-me-a-full-logistics-delivery/vendor/laravel/framework/src/Illuminate/Foundation/Http/Kernel.php(201): Illuminate/Routing/Router->dispatch(Object(Illuminate/Http/Request))
#37 C:/Users/bhard/Documents/Codex/2026-05-13/build-me-a-full-logistics-delivery/vendor/laravel/framework/src/Illuminate/Pipeline/Pipeline.php(170): Illuminate/Foundation/Http/Kernel->Illuminate/Foundation/Http/{closure}(Object(Illuminate/Http/Request))
#38 C:/Users/bhard/Documents/Codex/2026-05-13/build-me-a-full-logistics-delivery/vendor/laravel/framework/src/Illuminate/Foundation/Http/Middleware/TransformsRequest.php(21): Illuminate/Pipeline/Pipeline->Illuminate/Pipeline/{closure}(Object(Illuminate/Http/Request))
#39 C:/Users/bhard/Documents/Codex/2026-05-13/build-me-a-full-logistics-delivery/vendor/laravel/framework/src/Illuminate/Foundation/Http/Middleware/ConvertEmptyStringsToNull.php(31): Illuminate/Foundation/Http/Middleware/TransformsRequest->handle(Object(Illuminate/Http/Request), Object(Closure))
#40 C:/Users/bhard/Documents/Codex/2026-05-13/build-me-a-full-logistics-delivery/vendor/laravel/framework/src/Illuminate/Pipeline/Pipeline.php(209): Illuminate/Foundation/Http/Middleware/ConvertEmptyStringsToNull->handle(Object(Illuminate/Http/Request), Object(Closure))
#41 C:/Users/bhard/Documents/Codex/2026-05-13/build-me-a-full-logistics-delivery/vendor/laravel/framework/src/Illuminate/Foundation/Http/Middleware/TransformsRequest.php(21): Illuminate/Pipeline/Pipeline->Illuminate/Pipeline/{closure}(Object(Illuminate/Http/Request))
#42 C:/Users/bhard/Documents/Codex/2026-05-13/build-me-a-full-logistics-delivery/vendor/laravel/framework/src/Illuminate/Foundation/Http/Middleware/TrimStrings.php(51): Illuminate/Foundation/Http/Middleware/TransformsRequest->handle(Object(Illuminate/Http/Request), Object(Closure))
#43 C:/Users/bhard/Documents/Codex/2026-05-13/build-me-a-full-logistics-delivery/vendor/laravel/framework/src/Illuminate/Pipeline/Pipeline.php(209): Illuminate/Foundation/Http/Middleware/TrimStrings->handle(Object(Illuminate/Http/Request), Object(Closure))
#44 C:/Users/bhard/Documents/Codex/2026-05-13/build-me-a-full-logistics-delivery/vendor/laravel/framework/src/Illuminate/Http/Middleware/ValidatePostSize.php(27): Illuminate/Pipeline/Pipeline->Illuminate/Pipeline/{closure}(Object(Illuminate/Http/Request))
#45 C:/Users/bhard/Documents/Codex/2026-05-13/build-me-a-full-logistics-delivery/vendor/laravel/framework/src/Illuminate/Pipeline/Pipeline.php(209): Illuminate/Http/Middleware/ValidatePostSize->handle(Object(Illuminate/Http/Request), Object(Closure))
#46 C:/Users/bhard/Documents/Codex/2026-05-13/build-me-a-full-logistics-delivery/vendor/laravel/framework/src/Illuminate/Foundation/Http/Middleware/PreventRequestsDuringMaintenance.php(110): Illuminate/Pipeline/Pipeline->Illuminate/Pipeline/{closure}(Object(Illuminate/Http/Request))
#47 C:/Users/bhard/Documents/Codex/2026-05-13/build-me-a-full-logistics-delivery/vendor/laravel/framework/src/Illuminate/Pipeline/Pipeline.php(209): Illuminate/Foundation/Http/Middleware/PreventRequestsDuringMaintenance->handle(Object(Illuminate/Http/Request), Object(Closure))
#48 C:/Users/bhard/Documents/Codex/2026-05-13/build-me-a-full-logistics-delivery/vendor/laravel/framework/src/Illuminate/Http/Middleware/HandleCors.php(49): Illuminate/Pipeline/Pipeline->Illuminate/Pipeline/{closure}(Object(Illuminate/Http/Request))
#49 C:/Users/bhard/Documents/Codex/2026-05-13/build-me-a-full-logistics-delivery/vendor/laravel/framework/src/Illuminate/Pipeline/Pipeline.php(209): Illuminate/Http/Middleware/HandleCors->handle(Object(Illuminate/Http/Request), Object(Closure))
#50 C:/Users/bhard/Documents/Codex/2026-05-13/build-me-a-full-logistics-delivery/vendor/laravel/framework/src/Illuminate/Http/Middleware/TrustProxies.php(58): Illuminate/Pipeline/Pipeline->Illuminate/Pipeline/{closure}(Object(Illuminate/Http/Request))
#51 C:/Users/bhard/Documents/Codex/2026-05-13/build-me-a-full-logistics-delivery/vendor/laravel/framework/src/Illuminate/Pipeline/Pipeline.php(209): Illuminate/Http/Middleware/TrustProxies->handle(Object(Illuminate/Http/Request), Object(Closure))
#52 C:/Users/bhard/Documents/Codex/2026-05-13/build-me-a-full-logistics-delivery/vendor/laravel/framework/src/Illuminate/Foundation/Http/Middleware/InvokeDeferredCallbacks.php(22): Illuminate/Pipeline/Pipeline->Illuminate/Pipeline/{closure}(Object(Illuminate/Http/Request))
#53 C:/Users/bhard/Documents/Codex/2026-05-13/build-me-a-full-logistics-delivery/vendor/laravel/framework/src/Illuminate/Pipeline/Pipeline.php(209): Illuminate/Foundation/Http/Middleware/InvokeDeferredCallbacks->handle(Object(Illuminate/Http/Request), Object(Closure))
#54 C:/Users/bhard/Documents/Codex/2026-05-13/build-me-a-full-logistics-delivery/vendor/laravel/framework/src/Illuminate/Pipeline/Pipeline.php(127): Illuminate/Pipeline/Pipeline->Illuminate/Pipeline/{closure}(Object(Illuminate/Http/Request))
#55 C:/Users/bhard/Documents/Codex/2026-05-13/build-me-a-full-logistics-delivery/vendor/laravel/framework/src/Illuminate/Foundation/Http/Kernel.php(176): Illuminate/Pipeline/Pipeline->then(Object(Closure))
#56 C:/Users/bhard/Documents/Codex/2026-05-13/build-me-a-full-logistics-delivery/vendor/laravel/framework/src/Illuminate/Foundation/Http/Kernel.php(145): Illuminate/Foundation/Http/Kernel->sendRequestThroughRouter(Object(Illuminate/Http/Request))
#57 C:/Users/bhard/Documents/Codex/2026-05-13/build-me-a-full-logistics-delivery/vendor/laravel/framework/src/Illuminate/Foundation/Application.php(1220): Illuminate/Foundation/Http/Kernel->handle(Object(Illuminate/Http/Request))
#58 C:/Users/bhard/Documents/Codex/2026-05-13/build-me-a-full-logistics-delivery/public/index.php(17): Illuminate/Foundation/Application->handleRequest(Object(Illuminate/Http/Request))
#59 C:/Users/bhard/Documents/Codex/2026-05-13/build-me-a-full-logistics-delivery/vendor/laravel/framework/src/Illuminate/Foundation/resources/server.php(23): require_once('C://Users//bhard//...')
#60 {main}
"} 
[2026-05-14 01:59:07] local.ERROR: This method is not supported by MongoDB. Try "toMql()" instead. {"userId":"6a04b02af7c2e0e0e106d692","exception":"[object] (BadMethodCallException(code: 0): This method is not supported by MongoDB. Try \"toMql()\" instead. at C:/Users/bhard/Documents/Codex/2026-05-13/build-me-a-full-logistics-delivery/vendor/mongodb/laravel-mongodb/src/Query/Builder.php:1772)
[stacktrace]
#0 C:/Users/bhard/Documents/Codex/2026-05-13/build-me-a-full-logistics-delivery/vendor/laravel/framework/src/Illuminate/Database/Query/Builder.php(391): MongoDB/Laravel/Query/Builder->toSql()
#1 C:/Users/bhard/Documents/Codex/2026-05-13/build-me-a-full-logistics-delivery/vendor/laravel/framework/src/Illuminate/Database/Query/Builder.php(375): Illuminate/Database/Query/Builder->parseSub(Object(MongoDB/Laravel/Query/Builder))
#2 C:/Users/bhard/Documents/Codex/2026-05-13/build-me-a-full-logistics-delivery/vendor/laravel/framework/src/Illuminate/Database/Query/Builder.php(302): Illuminate/Database/Query/Builder->createSub(Object(MongoDB/Laravel/Query/Builder))
#3 C:/Users/bhard/Documents/Codex/2026-05-13/build-me-a-full-logistics-delivery/vendor/laravel/framework/src/Illuminate/Support/Traits/ForwardsCalls.php(23): Illuminate/Database/Query/Builder->selectSub(Object(MongoDB/Laravel/Query/Builder), 'shipments_count')
#4 C:/Users/bhard/Documents/Codex/2026-05-13/build-me-a-full-logistics-delivery/vendor/laravel/framework/src/Illuminate/Database/Eloquent/Builder.php(2123): Illuminate/Database/Eloquent/Builder->forwardCallTo(Object(MongoDB/Laravel/Query/Builder), 'selectSub', Array)
#5 C:/Users/bhard/Documents/Codex/2026-05-13/build-me-a-full-logistics-delivery/vendor/laravel/framework/src/Illuminate/Database/Eloquent/Concerns/QueriesRelationships.php(853): Illuminate/Database/Eloquent/Builder->__call('selectSub', Array)
#6 C:/Users/bhard/Documents/Codex/2026-05-13/build-me-a-full-logistics-delivery/vendor/laravel/framework/src/Illuminate/Database/Eloquent/Concerns/QueriesRelationships.php(889): Illuminate/Database/Eloquent/Builder->withAggregate(Array, '*', 'count')
#7 C:/Users/bhard/Documents/Codex/2026-05-13/build-me-a-full-logistics-delivery/vendor/laravel/framework/src/Illuminate/Support/Traits/ForwardsCalls.php(23): Illuminate/Database/Eloquent/Builder->withCount('shipments')
#8 C:/Users/bhard/Documents/Codex/2026-05-13/build-me-a-full-logistics-delivery/vendor/laravel/framework/src/Illuminate/Database/Eloquent/Model.php(2372): Illuminate/Database/Eloquent/Model->forwardCallTo(Object(MongoDB/Laravel/Eloquent/Builder), 'withCount', Array)
#9 C:/Users/bhard/Documents/Codex/2026-05-13/build-me-a-full-logistics-delivery/vendor/laravel/framework/src/Illuminate/Database/Eloquent/Model.php(2384): Illuminate/Database/Eloquent/Model->__call('withCount', Array)
#10 C:/Users/bhard/Documents/Codex/2026-05-13/build-me-a-full-logistics-delivery/app/Http/Controllers/CustomerController.php(15): Illuminate/Database/Eloquent/Model::__callStatic('withCount', Array)
#11 C:/Users/bhard/Documents/Codex/2026-05-13/build-me-a-full-logistics-delivery/vendor/laravel/framework/src/Illuminate/Routing/ControllerDispatcher.php(47): App/Http/Controllers/CustomerController->index(Object(Illuminate/Http/Request))
#12 C:/Users/bhard/Documents/Codex/2026-05-13/build-me-a-full-logistics-delivery/vendor/laravel/framework/src/Illuminate/Routing/Route.php(266): Illuminate/Routing/ControllerDispatcher->dispatch(Object(Illuminate/Routing/Route), Object(App/Http/Controllers/CustomerController), 'index')
#13 C:/Users/bhard/Documents/Codex/2026-05-13/build-me-a-full-logistics-delivery/vendor/laravel/framework/src/Illuminate/Routing/Route.php(212): Illuminate/Routing/Route->runController()
#14 C:/Users/bhard/Documents/Codex/2026-05-13/build-me-a-full-logistics-delivery/vendor/laravel/framework/src/Illuminate/Routing/Router.php(808): Illuminate/Routing/Route->run()
#15 C:/Users/bhard/Documents/Codex/2026-05-13/build-me-a-full-logistics-delivery/vendor/laravel/framework/src/Illuminate/Pipeline/Pipeline.php(170): Illuminate/Routing/Router->Illuminate/Routing/{closure}(Object(Illuminate/Http/Request))
#16 C:/Users/bhard/Documents/Codex/2026-05-13/build-me-a-full-logistics-delivery/vendor/laravel/framework/src/Illuminate/Routing/Middleware/SubstituteBindings.php(51): Illuminate/Pipeline/Pipeline->Illuminate/Pipeline/{closure}(Object(Illuminate/Http/Request))
#17 C:/Users/bhard/Documents/Codex/2026-05-13/build-me-a-full-logistics-delivery/vendor/laravel/framework/src/Illuminate/Pipeline/Pipeline.php(209): Illuminate/Routing/Middleware/SubstituteBindings->handle(Object(Illuminate/Http/Request), Object(Closure))
#18 C:/Users/bhard/Documents/Codex/2026-05-13/build-me-a-full-logistics-delivery/vendor/laravel/framework/src/Illuminate/Auth/Middleware/Authenticate.php(64): Illuminate/Pipeline/Pipeline->Illuminate/Pipeline/{closure}(Object(Illuminate/Http/Request))
#19 C:/Users/bhard/Documents/Codex/2026-05-13/build-me-a-full-logistics-delivery/vendor/laravel/framework/src/Illuminate/Pipeline/Pipeline.php(209): Illuminate/Auth/Middleware/Authenticate->handle(Object(Illuminate/Http/Request), Object(Closure))
#20 C:/Users/bhard/Documents/Codex/2026-05-13/build-me-a-full-logistics-delivery/vendor/laravel/framework/src/Illuminate/Foundation/Http/Middleware/VerifyCsrfToken.php(88): Illuminate/Pipeline/Pipeline->Illuminate/Pipeline/{closure}(Object(Illuminate/Http/Request))
#21 C:/Users/bhard/Documents/Codex/2026-05-13/build-me-a-full-logistics-delivery/vendor/laravel/framework/src/Illuminate/Pipeline/Pipeline.php(209): Illuminate/Foundation/Http/Middleware/VerifyCsrfToken->handle(Object(Illuminate/Http/Request), Object(Closure))
#22 C:/Users/bhard/Documents/Codex/2026-05-13/build-me-a-full-logistics-delivery/vendor/laravel/framework/src/Illuminate/View/Middleware/ShareErrorsFromSession.php(49): Illuminate/Pipeline/Pipeline->Illuminate/Pipeline/{closure}(Object(Illuminate/Http/Request))
#23 C:/Users/bhard/Documents/Codex/2026-05-13/build-me-a-full-logistics-delivery/vendor/laravel/framework/src/Illuminate/Pipeline/Pipeline.php(209): Illuminate/View/Middleware/ShareErrorsFromSession->handle(Object(Illuminate/Http/Request), Object(Closure))
#24 C:/Users/bhard/Documents/Codex/2026-05-13/build-me-a-full-logistics-delivery/vendor/laravel/framework/src/Illuminate/Session/Middleware/StartSession.php(121): Illuminate/Pipeline/Pipeline->Illuminate/Pipeline/{closure}(Object(Illuminate/Http/Request))
#25 C:/Users/bhard/Documents/Codex/2026-05-13/build-me-a-full-logistics-delivery/vendor/laravel/framework/src/Illuminate/Session/Middleware/StartSession.php(64): Illuminate/Session/Middleware/StartSession->handleStatefulRequest(Object(Illuminate/Http/Request), Object(Illuminate/Session/Store), Object(Closure))
#26 C:/Users/bhard/Documents/Codex/2026-05-13/build-me-a-full-logistics-delivery/vendor/laravel/framework/src/Illuminate/Pipeline/Pipeline.php(209): Illuminate/Session/Middleware/StartSession->handle(Object(Illuminate/Http/Request), Object(Closure))
#27 C:/Users/bhard/Documents/Codex/2026-05-13/build-me-a-full-logistics-delivery/vendor/laravel/framework/src/Illuminate/Cookie/Middleware/AddQueuedCookiesToResponse.php(37): Illuminate/Pipeline/Pipeline->Illuminate/Pipeline/{closure}(Object(Illuminate/Http/Request))
#28 C:/Users/bhard/Documents/Codex/2026-05-13/build-me-a-full-logistics-delivery/vendor/laravel/framework/src/Illuminate/Pipeline/Pipeline.php(209): Illuminate/Cookie/Middleware/AddQueuedCookiesToResponse->handle(Object(Illuminate/Http/Request), Object(Closure))
#29 C:/Users/bhard/Documents/Codex/2026-05-13/build-me-a-full-logistics-delivery/vendor/laravel/framework/src/Illuminate/Cookie/Middleware/EncryptCookies.php(75): Illuminate/Pipeline/Pipeline->Illuminate/Pipeline/{closure}(Object(Illuminate/Http/Request))
#30 C:/Users/bhard/Documents/Codex/2026-05-13/build-me-a-full-logistics-delivery/vendor/laravel/framework/src/Illuminate/Pipeline/Pipeline.php(209): Illuminate/Cookie/Middleware/EncryptCookies->handle(Object(Illuminate/Http/Request), Object(Closure))
#31 C:/Users/bhard/Documents/Codex/2026-05-13/build-me-a-full-logistics-delivery/vendor/laravel/framework/src/Illuminate/Pipeline/Pipeline.php(127): Illuminate/Pipeline/Pipeline->Illuminate/Pipeline/{closure}(Object(Illuminate/Http/Request))
#32 C:/Users/bhard/Documents/Codex/2026-05-13/build-me-a-full-logistics-delivery/vendor/laravel/framework/src/Illuminate/Routing/Router.php(807): Illuminate/Pipeline/Pipeline->then(Object(Closure))
#33 C:/Users/bhard/Documents/Codex/2026-05-13/build-me-a-full-logistics-delivery/vendor/laravel/framework/src/Illuminate/Routing/Router.php(786): Illuminate/Routing/Router->runRouteWithinStack(Object(Illuminate/Routing/Route), Object(Illuminate/Http/Request))
#34 C:/Users/bhard/Documents/Codex/2026-05-13/build-me-a-full-logistics-delivery/vendor/laravel/framework/src/Illuminate/Routing/Router.php(750): Illuminate/Routing/Router->runRoute(Object(Illuminate/Http/Request), Object(Illuminate/Routing/Route))
#35 C:/Users/bhard/Documents/Codex/2026-05-13/build-me-a-full-logistics-delivery/vendor/laravel/framework/src/Illuminate/Routing/Router.php(739): Illuminate/Routing/Router->dispatchToRoute(Object(Illuminate/Http/Request))
#36 C:/Users/bhard/Documents/Codex/2026-05-13/build-me-a-full-logistics-delivery/vendor/laravel/framework/src/Illuminate/Foundation/Http/Kernel.php(201): Illuminate/Routing/Router->dispatch(Object(Illuminate/Http/Request))
#37 C:/Users/bhard/Documents/Codex/2026-05-13/build-me-a-full-logistics-delivery/vendor/laravel/framework/src/Illuminate/Pipeline/Pipeline.php(170): Illuminate/Foundation/Http/Kernel->Illuminate/Foundation/Http/{closure}(Object(Illuminate/Http/Request))
#38 C:/Users/bhard/Documents/Codex/2026-05-13/build-me-a-full-logistics-delivery/vendor/laravel/framework/src/Illuminate/Foundation/Http/Middleware/TransformsRequest.php(21): Illuminate/Pipeline/Pipeline->Illuminate/Pipeline/{closure}(Object(Illuminate/Http/Request))
#39 C:/Users/bhard/Documents/Codex/2026-05-13/build-me-a-full-logistics-delivery/vendor/laravel/framework/src/Illuminate/Foundation/Http/Middleware/ConvertEmptyStringsToNull.php(31): Illuminate/Foundation/Http/Middleware/TransformsRequest->handle(Object(Illuminate/Http/Request), Object(Closure))
#40 C:/Users/bhard/Documents/Codex/2026-05-13/build-me-a-full-logistics-delivery/vendor/laravel/framework/src/Illuminate/Pipeline/Pipeline.php(209): Illuminate/Foundation/Http/Middleware/ConvertEmptyStringsToNull->handle(Object(Illuminate/Http/Request), Object(Closure))
#41 C:/Users/bhard/Documents/Codex/2026-05-13/build-me-a-full-logistics-delivery/vendor/laravel/framework/src/Illuminate/Foundation/Http/Middleware/TransformsRequest.php(21): Illuminate/Pipeline/Pipeline->Illuminate/Pipeline/{closure}(Object(Illuminate/Http/Request))
#42 C:/Users/bhard/Documents/Codex/2026-05-13/build-me-a-full-logistics-delivery/vendor/laravel/framework/src/Illuminate/Foundation/Http/Middleware/TrimStrings.php(51): Illuminate/Foundation/Http/Middleware/TransformsRequest->handle(Object(Illuminate/Http/Request), Object(Closure))
#43 C:/Users/bhard/Documents/Codex/2026-05-13/build-me-a-full-logistics-delivery/vendor/laravel/framework/src/Illuminate/Pipeline/Pipeline.php(209): Illuminate/Foundation/Http/Middleware/TrimStrings->handle(Object(Illuminate/Http/Request), Object(Closure))
#44 C:/Users/bhard/Documents/Codex/2026-05-13/build-me-a-full-logistics-delivery/vendor/laravel/framework/src/Illuminate/Http/Middleware/ValidatePostSize.php(27): Illuminate/Pipeline/Pipeline->Illuminate/Pipeline/{closure}(Object(Illuminate/Http/Request))
#45 C:/Users/bhard/Documents/Codex/2026-05-13/build-me-a-full-logistics-delivery/vendor/laravel/framework/src/Illuminate/Pipeline/Pipeline.php(209): Illuminate/Http/Middleware/ValidatePostSize->handle(Object(Illuminate/Http/Request), Object(Closure))
#46 C:/Users/bhard/Documents/Codex/2026-05-13/build-me-a-full-logistics-delivery/vendor/laravel/framework/src/Illuminate/Foundation/Http/Middleware/PreventRequestsDuringMaintenance.php(110): Illuminate/Pipeline/Pipeline->Illuminate/Pipeline/{closure}(Object(Illuminate/Http/Request))
#47 C:/Users/bhard/Documents/Codex/2026-05-13/build-me-a-full-logistics-delivery/vendor/laravel/framework/src/Illuminate/Pipeline/Pipeline.php(209): Illuminate/Foundation/Http/Middleware/PreventRequestsDuringMaintenance->handle(Object(Illuminate/Http/Request), Object(Closure))
#48 C:/Users/bhard/Documents/Codex/2026-05-13/build-me-a-full-logistics-delivery/vendor/laravel/framework/src/Illuminate/Http/Middleware/HandleCors.php(49): Illuminate/Pipeline/Pipeline->Illuminate/Pipeline/{closure}(Object(Illuminate/Http/Request))
#49 C:/Users/bhard/Documents/Codex/2026-05-13/build-me-a-full-logistics-delivery/vendor/laravel/framework/src/Illuminate/Pipeline/Pipeline.php(209): Illuminate/Http/Middleware/HandleCors->handle(Object(Illuminate/Http/Request), Object(Closure))
#50 C:/Users/bhard/Documents/Codex/2026-05-13/build-me-a-full-logistics-delivery/vendor/laravel/framework/src/Illuminate/Http/Middleware/TrustProxies.php(58): Illuminate/Pipeline/Pipeline->Illuminate/Pipeline/{closure}(Object(Illuminate/Http/Request))
#51 C:/Users/bhard/Documents/Codex/2026-05-13/build-me-a-full-logistics-delivery/vendor/laravel/framework/src/Illuminate/Pipeline/Pipeline.php(209): Illuminate/Http/Middleware/TrustProxies->handle(Object(Illuminate/Http/Request), Object(Closure))
#52 C:/Users/bhard/Documents/Codex/2026-05-13/build-me-a-full-logistics-delivery/vendor/laravel/framework/src/Illuminate/Foundation/Http/Middleware/InvokeDeferredCallbacks.php(22): Illuminate/Pipeline/Pipeline->Illuminate/Pipeline/{closure}(Object(Illuminate/Http/Request))
#53 C:/Users/bhard/Documents/Codex/2026-05-13/build-me-a-full-logistics-delivery/vendor/laravel/framework/src/Illuminate/Pipeline/Pipeline.php(209): Illuminate/Foundation/Http/Middleware/InvokeDeferredCallbacks->handle(Object(Illuminate/Http/Request), Object(Closure))
#54 C:/Users/bhard/Documents/Codex/2026-05-13/build-me-a-full-logistics-delivery/vendor/laravel/framework/src/Illuminate/Pipeline/Pipeline.php(127): Illuminate/Pipeline/Pipeline->Illuminate/Pipeline/{closure}(Object(Illuminate/Http/Request))
#55 C:/Users/bhard/Documents/Codex/2026-05-13/build-me-a-full-logistics-delivery/vendor/laravel/framework/src/Illuminate/Foundation/Http/Kernel.php(176): Illuminate/Pipeline/Pipeline->then(Object(Closure))
#56 C:/Users/bhard/Documents/Codex/2026-05-13/build-me-a-full-logistics-delivery/vendor/laravel/framework/src/Illuminate/Foundation/Http/Kernel.php(145): Illuminate/Foundation/Http/Kernel->sendRequestThroughRouter(Object(Illuminate/Http/Request))
#57 C:/Users/bhard/Documents/Codex/2026-05-13/build-me-a-full-logistics-delivery/vendor/laravel/framework/src/Illuminate/Foundation/Application.php(1220): Illuminate/Foundation/Http/Kernel->handle(Object(Illuminate/Http/Request))
#58 C:/Users/bhard/Documents/Codex/2026-05-13/build-me-a-full-logistics-delivery/public/index.php(17): Illuminate/Foundation/Application->handleRequest(Object(Illuminate/Http/Request))
#59 C:/Users/bhard/Documents/Codex/2026-05-13/build-me-a-full-logistics-delivery/vendor/laravel/framework/src/Illuminate/Foundation/resources/server.php(23): require_once('C://Users//bhard//...')
#60 {main}
"} 
[2026-05-14 02:00:42] local.ERROR: Class "App\Http\Controllers\Carrier" not found {"userId":"6a04b02af7c2e0e0e106d692","exception":"[object] (Error(code: 0): Class \"App\\Http\\Controllers\\Carrier\" not found at C:/Users/bhard/Documents/Codex/2026-05-13/build-me-a-full-logistics-delivery/app/Http/Controllers/ShipmentController.php:34)
[stacktrace]
#0 C:/Users/bhard/Documents/Codex/2026-05-13/build-me-a-full-logistics-delivery/vendor/laravel/framework/src/Illuminate/Routing/ControllerDispatcher.php(47): App/Http/Controllers/ShipmentController->index(Object(Illuminate/Http/Request))
#1 C:/Users/bhard/Documents/Codex/2026-05-13/build-me-a-full-logistics-delivery/vendor/laravel/framework/src/Illuminate/Routing/Route.php(266): Illuminate/Routing/ControllerDispatcher->dispatch(Object(Illuminate/Routing/Route), Object(App/Http/Controllers/ShipmentController), 'index')
#2 C:/Users/bhard/Documents/Codex/2026-05-13/build-me-a-full-logistics-delivery/vendor/laravel/framework/src/Illuminate/Routing/Route.php(212): Illuminate/Routing/Route->runController()
#3 C:/Users/bhard/Documents/Codex/2026-05-13/build-me-a-full-logistics-delivery/vendor/laravel/framework/src/Illuminate/Routing/Router.php(808): Illuminate/Routing/Route->run()
#4 C:/Users/bhard/Documents/Codex/2026-05-13/build-me-a-full-logistics-delivery/vendor/laravel/framework/src/Illuminate/Pipeline/Pipeline.php(170): Illuminate/Routing/Router->Illuminate/Routing/{closure}(Object(Illuminate/Http/Request))
#5 C:/Users/bhard/Documents/Codex/2026-05-13/build-me-a-full-logistics-delivery/vendor/laravel/framework/src/Illuminate/Routing/Middleware/SubstituteBindings.php(51): Illuminate/Pipeline/Pipeline->Illuminate/Pipeline/{closure}(Object(Illuminate/Http/Request))
#6 C:/Users/bhard/Documents/Codex/2026-05-13/build-me-a-full-logistics-delivery/vendor/laravel/framework/src/Illuminate/Pipeline/Pipeline.php(209): Illuminate/Routing/Middleware/SubstituteBindings->handle(Object(Illuminate/Http/Request), Object(Closure))
#7 C:/Users/bhard/Documents/Codex/2026-05-13/build-me-a-full-logistics-delivery/vendor/laravel/framework/src/Illuminate/Auth/Middleware/Authenticate.php(64): Illuminate/Pipeline/Pipeline->Illuminate/Pipeline/{closure}(Object(Illuminate/Http/Request))
#8 C:/Users/bhard/Documents/Codex/2026-05-13/build-me-a-full-logistics-delivery/vendor/laravel/framework/src/Illuminate/Pipeline/Pipeline.php(209): Illuminate/Auth/Middleware/Authenticate->handle(Object(Illuminate/Http/Request), Object(Closure))
#9 C:/Users/bhard/Documents/Codex/2026-05-13/build-me-a-full-logistics-delivery/vendor/laravel/framework/src/Illuminate/Foundation/Http/Middleware/VerifyCsrfToken.php(88): Illuminate/Pipeline/Pipeline->Illuminate/Pipeline/{closure}(Object(Illuminate/Http/Request))
#10 C:/Users/bhard/Documents/Codex/2026-05-13/build-me-a-full-logistics-delivery/vendor/laravel/framework/src/Illuminate/Pipeline/Pipeline.php(209): Illuminate/Foundation/Http/Middleware/VerifyCsrfToken->handle(Object(Illuminate/Http/Request), Object(Closure))
#11 C:/Users/bhard/Documents/Codex/2026-05-13/build-me-a-full-logistics-delivery/vendor/laravel/framework/src/Illuminate/View/Middleware/ShareErrorsFromSession.php(49): Illuminate/Pipeline/Pipeline->Illuminate/Pipeline/{closure}(Object(Illuminate/Http/Request))
#12 C:/Users/bhard/Documents/Codex/2026-05-13/build-me-a-full-logistics-delivery/vendor/laravel/framework/src/Illuminate/Pipeline/Pipeline.php(209): Illuminate/View/Middleware/ShareErrorsFromSession->handle(Object(Illuminate/Http/Request), Object(Closure))
#13 C:/Users/bhard/Documents/Codex/2026-05-13/build-me-a-full-logistics-delivery/vendor/laravel/framework/src/Illuminate/Session/Middleware/StartSession.php(121): Illuminate/Pipeline/Pipeline->Illuminate/Pipeline/{closure}(Object(Illuminate/Http/Request))
#14 C:/Users/bhard/Documents/Codex/2026-05-13/build-me-a-full-logistics-delivery/vendor/laravel/framework/src/Illuminate/Session/Middleware/StartSession.php(64): Illuminate/Session/Middleware/StartSession->handleStatefulRequest(Object(Illuminate/Http/Request), Object(Illuminate/Session/Store), Object(Closure))
#15 C:/Users/bhard/Documents/Codex/2026-05-13/build-me-a-full-logistics-delivery/vendor/laravel/framework/src/Illuminate/Pipeline/Pipeline.php(209): Illuminate/Session/Middleware/StartSession->handle(Object(Illuminate/Http/Request), Object(Closure))
#16 C:/Users/bhard/Documents/Codex/2026-05-13/build-me-a-full-logistics-delivery/vendor/laravel/framework/src/Illuminate/Cookie/Middleware/AddQueuedCookiesToResponse.php(37): Illuminate/Pipeline/Pipeline->Illuminate/Pipeline/{closure}(Object(Illuminate/Http/Request))
#17 C:/Users/bhard/Documents/Codex/2026-05-13/build-me-a-full-logistics-delivery/vendor/laravel/framework/src/Illuminate/Pipeline/Pipeline.php(209): Illuminate/Cookie/Middleware/AddQueuedCookiesToResponse->handle(Object(Illuminate/Http/Request), Object(Closure))
#18 C:/Users/bhard/Documents/Codex/2026-05-13/build-me-a-full-logistics-delivery/vendor/laravel/framework/src/Illuminate/Cookie/Middleware/EncryptCookies.php(75): Illuminate/Pipeline/Pipeline->Illuminate/Pipeline/{closure}(Object(Illuminate/Http/Request))
#19 C:/Users/bhard/Documents/Codex/2026-05-13/build-me-a-full-logistics-delivery/vendor/laravel/framework/src/Illuminate/Pipeline/Pipeline.php(209): Illuminate/Cookie/Middleware/EncryptCookies->handle(Object(Illuminate/Http/Request), Object(Closure))
#20 C:/Users/bhard/Documents/Codex/2026-05-13/build-me-a-full-logistics-delivery/vendor/laravel/framework/src/Illuminate/Pipeline/Pipeline.php(127): Illuminate/Pipeline/Pipeline->Illuminate/Pipeline/{closure}(Object(Illuminate/Http/Request))
#21 C:/Users/bhard/Documents/Codex/2026-05-13/build-me-a-full-logistics-delivery/vendor/laravel/framework/src/Illuminate/Routing/Router.php(807): Illuminate/Pipeline/Pipeline->then(Object(Closure))
#22 C:/Users/bhard/Documents/Codex/2026-05-13/build-me-a-full-logistics-delivery/vendor/laravel/framework/src/Illuminate/Routing/Router.php(786): Illuminate/Routing/Router->runRouteWithinStack(Object(Illuminate/Routing/Route), Object(Illuminate/Http/Request))
#23 C:/Users/bhard/Documents/Codex/2026-05-13/build-me-a-full-logistics-delivery/vendor/laravel/framework/src/Illuminate/Routing/Router.php(750): Illuminate/Routing/Router->runRoute(Object(Illuminate/Http/Request), Object(Illuminate/Routing/Route))
#24 C:/Users/bhard/Documents/Codex/2026-05-13/build-me-a-full-logistics-delivery/vendor/laravel/framework/src/Illuminate/Routing/Router.php(739): Illuminate/Routing/Router->dispatchToRoute(Object(Illuminate/Http/Request))
#25 C:/Users/bhard/Documents/Codex/2026-05-13/build-me-a-full-logistics-delivery/vendor/laravel/framework/src/Illuminate/Foundation/Http/Kernel.php(201): Illuminate/Routing/Router->dispatch(Object(Illuminate/Http/Request))
#26 C:/Users/bhard/Documents/Codex/2026-05-13/build-me-a-full-logistics-delivery/vendor/laravel/framework/src/Illuminate/Pipeline/Pipeline.php(170): Illuminate/Foundation/Http/Kernel->Illuminate/Foundation/Http/{closure}(Object(Illuminate/Http/Request))
#27 C:/Users/bhard/Documents/Codex/2026-05-13/build-me-a-full-logistics-delivery/vendor/laravel/framework/src/Illuminate/Foundation/Http/Middleware/TransformsRequest.php(21): Illuminate/Pipeline/Pipeline->Illuminate/Pipeline/{closure}(Object(Illuminate/Http/Request))
#28 C:/Users/bhard/Documents/Codex/2026-05-13/build-me-a-full-logistics-delivery/vendor/laravel/framework/src/Illuminate/Foundation/Http/Middleware/ConvertEmptyStringsToNull.php(31): Illuminate/Foundation/Http/Middleware/TransformsRequest->handle(Object(Illuminate/Http/Request), Object(Closure))
#29 C:/Users/bhard/Documents/Codex/2026-05-13/build-me-a-full-logistics-delivery/vendor/laravel/framework/src/Illuminate/Pipeline/Pipeline.php(209): Illuminate/Foundation/Http/Middleware/ConvertEmptyStringsToNull->handle(Object(Illuminate/Http/Request), Object(Closure))
#30 C:/Users/bhard/Documents/Codex/2026-05-13/build-me-a-full-logistics-delivery/vendor/laravel/framework/src/Illuminate/Foundation/Http/Middleware/TransformsRequest.php(21): Illuminate/Pipeline/Pipeline->Illuminate/Pipeline/{closure}(Object(Illuminate/Http/Request))
#31 C:/Users/bhard/Documents/Codex/2026-05-13/build-me-a-full-logistics-delivery/vendor/laravel/framework/src/Illuminate/Foundation/Http/Middleware/TrimStrings.php(51): Illuminate/Foundation/Http/Middleware/TransformsRequest->handle(Object(Illuminate/Http/Request), Object(Closure))
#32 C:/Users/bhard/Documents/Codex/2026-05-13/build-me-a-full-logistics-delivery/vendor/laravel/framework/src/Illuminate/Pipeline/Pipeline.php(209): Illuminate/Foundation/Http/Middleware/TrimStrings->handle(Object(Illuminate/Http/Request), Object(Closure))
#33 C:/Users/bhard/Documents/Codex/2026-05-13/build-me-a-full-logistics-delivery/vendor/laravel/framework/src/Illuminate/Http/Middleware/ValidatePostSize.php(27): Illuminate/Pipeline/Pipeline->Illuminate/Pipeline/{closure}(Object(Illuminate/Http/Request))
#34 C:/Users/bhard/Documents/Codex/2026-05-13/build-me-a-full-logistics-delivery/vendor/laravel/framework/src/Illuminate/Pipeline/Pipeline.php(209): Illuminate/Http/Middleware/ValidatePostSize->handle(Object(Illuminate/Http/Request), Object(Closure))
#35 C:/Users/bhard/Documents/Codex/2026-05-13/build-me-a-full-logistics-delivery/vendor/laravel/framework/src/Illuminate/Foundation/Http/Middleware/PreventRequestsDuringMaintenance.php(110): Illuminate/Pipeline/Pipeline->Illuminate/Pipeline/{closure}(Object(Illuminate/Http/Request))
#36 C:/Users/bhard/Documents/Codex/2026-05-13/build-me-a-full-logistics-delivery/vendor/laravel/framework/src/Illuminate/Pipeline/Pipeline.php(209): Illuminate/Foundation/Http/Middleware/PreventRequestsDuringMaintenance->handle(Object(Illuminate/Http/Request), Object(Closure))
#37 C:/Users/bhard/Documents/Codex/2026-05-13/build-me-a-full-logistics-delivery/vendor/laravel/framework/src/Illuminate/Http/Middleware/HandleCors.php(49): Illuminate/Pipeline/Pipeline->Illuminate/Pipeline/{closure}(Object(Illuminate/Http/Request))
#38 C:/Users/bhard/Documents/Codex/2026-05-13/build-me-a-full-logistics-delivery/vendor/laravel/framework/src/Illuminate/Pipeline/Pipeline.php(209): Illuminate/Http/Middleware/HandleCors->handle(Object(Illuminate/Http/Request), Object(Closure))
#39 C:/Users/bhard/Documents/Codex/2026-05-13/build-me-a-full-logistics-delivery/vendor/laravel/framework/src/Illuminate/Http/Middleware/TrustProxies.php(58): Illuminate/Pipeline/Pipeline->Illuminate/Pipeline/{closure}(Object(Illuminate/Http/Request))
#40 C:/Users/bhard/Documents/Codex/2026-05-13/build-me-a-full-logistics-delivery/vendor/laravel/framework/src/Illuminate/Pipeline/Pipeline.php(209): Illuminate/Http/Middleware/TrustProxies->handle(Object(Illuminate/Http/Request), Object(Closure))
#41 C:/Users/bhard/Documents/Codex/2026-05-13/build-me-a-full-logistics-delivery/vendor/laravel/framework/src/Illuminate/Foundation/Http/Middleware/InvokeDeferredCallbacks.php(22): Illuminate/Pipeline/Pipeline->Illuminate/Pipeline/{closure}(Object(Illuminate/Http/Request))
#42 C:/Users/bhard/Documents/Codex/2026-05-13/build-me-a-full-logistics-delivery/vendor/laravel/framework/src/Illuminate/Pipeline/Pipeline.php(209): Illuminate/Foundation/Http/Middleware/InvokeDeferredCallbacks->handle(Object(Illuminate/Http/Request), Object(Closure))
#43 C:/Users/bhard/Documents/Codex/2026-05-13/build-me-a-full-logistics-delivery/vendor/laravel/framework/src/Illuminate/Pipeline/Pipeline.php(127): Illuminate/Pipeline/Pipeline->Illuminate/Pipeline/{closure}(Object(Illuminate/Http/Request))
#44 C:/Users/bhard/Documents/Codex/2026-05-13/build-me-a-full-logistics-delivery/vendor/laravel/framework/src/Illuminate/Foundation/Http/Kernel.php(176): Illuminate/Pipeline/Pipeline->then(Object(Closure))
#45 C:/Users/bhard/Documents/Codex/2026-05-13/build-me-a-full-logistics-delivery/vendor/laravel/framework/src/Illuminate/Foundation/Http/Kernel.php(145): Illuminate/Foundation/Http/Kernel->sendRequestThroughRouter(Object(Illuminate/Http/Request))
#46 C:/Users/bhard/Documents/Codex/2026-05-13/build-me-a-full-logistics-delivery/vendor/laravel/framework/src/Illuminate/Foundation/Application.php(1220): Illuminate/Foundation/Http/Kernel->handle(Object(Illuminate/Http/Request))
#47 C:/Users/bhard/Documents/Codex/2026-05-13/build-me-a-full-logistics-delivery/public/index.php(17): Illuminate/Foundation/Application->handleRequest(Object(Illuminate/Http/Request))
#48 C:/Users/bhard/Documents/Codex/2026-05-13/build-me-a-full-logistics-delivery/vendor/laravel/framework/src/Illuminate/Foundation/resources/server.php(23): require_once('C://Users//bhard//...')
#49 {main}
"} 
[2026-05-14 02:16:39] local.ERROR: Call to undefined function App\Http\Controllers\tomorrow() {"userId":"6a04b02af7c2e0e0e106d692","exception":"[object] (Error(code: 0): Call to undefined function App\\Http\\Controllers\\tomorrow() at C:/Users/bhard/Documents/Codex/2026-05-13/build-me-a-full-logistics-delivery/app/Http/Controllers/DashboardController.php:16)
[stacktrace]
#0 C:/Users/bhard/Documents/Codex/2026-05-13/build-me-a-full-logistics-delivery/vendor/laravel/framework/src/Illuminate/Routing/ControllerDispatcher.php(47): App/Http/Controllers/DashboardController->index()
#1 C:/Users/bhard/Documents/Codex/2026-05-13/build-me-a-full-logistics-delivery/vendor/laravel/framework/src/Illuminate/Routing/Route.php(266): Illuminate/Routing/ControllerDispatcher->dispatch(Object(Illuminate/Routing/Route), Object(App/Http/Controllers/DashboardController), 'index')
#2 C:/Users/bhard/Documents/Codex/2026-05-13/build-me-a-full-logistics-delivery/vendor/laravel/framework/src/Illuminate/Routing/Route.php(212): Illuminate/Routing/Route->runController()
#3 C:/Users/bhard/Documents/Codex/2026-05-13/build-me-a-full-logistics-delivery/vendor/laravel/framework/src/Illuminate/Routing/Router.php(808): Illuminate/Routing/Route->run()
#4 C:/Users/bhard/Documents/Codex/2026-05-13/build-me-a-full-logistics-delivery/vendor/laravel/framework/src/Illuminate/Pipeline/Pipeline.php(170): Illuminate/Routing/Router->Illuminate/Routing/{closure}(Object(Illuminate/Http/Request))
#5 C:/Users/bhard/Documents/Codex/2026-05-13/build-me-a-full-logistics-delivery/vendor/laravel/framework/src/Illuminate/Routing/Middleware/SubstituteBindings.php(51): Illuminate/Pipeline/Pipeline->Illuminate/Pipeline/{closure}(Object(Illuminate/Http/Request))
#6 C:/Users/bhard/Documents/Codex/2026-05-13/build-me-a-full-logistics-delivery/vendor/laravel/framework/src/Illuminate/Pipeline/Pipeline.php(209): Illuminate/Routing/Middleware/SubstituteBindings->handle(Object(Illuminate/Http/Request), Object(Closure))
#7 C:/Users/bhard/Documents/Codex/2026-05-13/build-me-a-full-logistics-delivery/vendor/laravel/framework/src/Illuminate/Auth/Middleware/Authenticate.php(64): Illuminate/Pipeline/Pipeline->Illuminate/Pipeline/{closure}(Object(Illuminate/Http/Request))
#8 C:/Users/bhard/Documents/Codex/2026-05-13/build-me-a-full-logistics-delivery/vendor/laravel/framework/src/Illuminate/Pipeline/Pipeline.php(209): Illuminate/Auth/Middleware/Authenticate->handle(Object(Illuminate/Http/Request), Object(Closure))
#9 C:/Users/bhard/Documents/Codex/2026-05-13/build-me-a-full-logistics-delivery/vendor/laravel/framework/src/Illuminate/Foundation/Http/Middleware/VerifyCsrfToken.php(88): Illuminate/Pipeline/Pipeline->Illuminate/Pipeline/{closure}(Object(Illuminate/Http/Request))
#10 C:/Users/bhard/Documents/Codex/2026-05-13/build-me-a-full-logistics-delivery/vendor/laravel/framework/src/Illuminate/Pipeline/Pipeline.php(209): Illuminate/Foundation/Http/Middleware/VerifyCsrfToken->handle(Object(Illuminate/Http/Request), Object(Closure))
#11 C:/Users/bhard/Documents/Codex/2026-05-13/build-me-a-full-logistics-delivery/vendor/laravel/framework/src/Illuminate/View/Middleware/ShareErrorsFromSession.php(49): Illuminate/Pipeline/Pipeline->Illuminate/Pipeline/{closure}(Object(Illuminate/Http/Request))
#12 C:/Users/bhard/Documents/Codex/2026-05-13/build-me-a-full-logistics-delivery/vendor/laravel/framework/src/Illuminate/Pipeline/Pipeline.php(209): Illuminate/View/Middleware/ShareErrorsFromSession->handle(Object(Illuminate/Http/Request), Object(Closure))
#13 C:/Users/bhard/Documents/Codex/2026-05-13/build-me-a-full-logistics-delivery/vendor/laravel/framework/src/Illuminate/Session/Middleware/StartSession.php(121): Illuminate/Pipeline/Pipeline->Illuminate/Pipeline/{closure}(Object(Illuminate/Http/Request))
#14 C:/Users/bhard/Documents/Codex/2026-05-13/build-me-a-full-logistics-delivery/vendor/laravel/framework/src/Illuminate/Session/Middleware/StartSession.php(64): Illuminate/Session/Middleware/StartSession->handleStatefulRequest(Object(Illuminate/Http/Request), Object(Illuminate/Session/Store), Object(Closure))
#15 C:/Users/bhard/Documents/Codex/2026-05-13/build-me-a-full-logistics-delivery/vendor/laravel/framework/src/Illuminate/Pipeline/Pipeline.php(209): Illuminate/Session/Middleware/StartSession->handle(Object(Illuminate/Http/Request), Object(Closure))
#16 C:/Users/bhard/Documents/Codex/2026-05-13/build-me-a-full-logistics-delivery/vendor/laravel/framework/src/Illuminate/Cookie/Middleware/AddQueuedCookiesToResponse.php(37): Illuminate/Pipeline/Pipeline->Illuminate/Pipeline/{closure}(Object(Illuminate/Http/Request))
#17 C:/Users/bhard/Documents/Codex/2026-05-13/build-me-a-full-logistics-delivery/vendor/laravel/framework/src/Illuminate/Pipeline/Pipeline.php(209): Illuminate/Cookie/Middleware/AddQueuedCookiesToResponse->handle(Object(Illuminate/Http/Request), Object(Closure))
#18 C:/Users/bhard/Documents/Codex/2026-05-13/build-me-a-full-logistics-delivery/vendor/laravel/framework/src/Illuminate/Cookie/Middleware/EncryptCookies.php(75): Illuminate/Pipeline/Pipeline->Illuminate/Pipeline/{closure}(Object(Illuminate/Http/Request))
#19 C:/Users/bhard/Documents/Codex/2026-05-13/build-me-a-full-logistics-delivery/vendor/laravel/framework/src/Illuminate/Pipeline/Pipeline.php(209): Illuminate/Cookie/Middleware/EncryptCookies->handle(Object(Illuminate/Http/Request), Object(Closure))
#20 C:/Users/bhard/Documents/Codex/2026-05-13/build-me-a-full-logistics-delivery/vendor/laravel/framework/src/Illuminate/Pipeline/Pipeline.php(127): Illuminate/Pipeline/Pipeline->Illuminate/Pipeline/{closure}(Object(Illuminate/Http/Request))
#21 C:/Users/bhard/Documents/Codex/2026-05-13/build-me-a-full-logistics-delivery/vendor/laravel/framework/src/Illuminate/Routing/Router.php(807): Illuminate/Pipeline/Pipeline->then(Object(Closure))
#22 C:/Users/bhard/Documents/Codex/2026-05-13/build-me-a-full-logistics-delivery/vendor/laravel/framework/src/Illuminate/Routing/Router.php(786): Illuminate/Routing/Router->runRouteWithinStack(Object(Illuminate/Routing/Route), Object(Illuminate/Http/Request))
#23 C:/Users/bhard/Documents/Codex/2026-05-13/build-me-a-full-logistics-delivery/vendor/laravel/framework/src/Illuminate/Routing/Router.php(750): Illuminate/Routing/Router->runRoute(Object(Illuminate/Http/Request), Object(Illuminate/Routing/Route))
#24 C:/Users/bhard/Documents/Codex/2026-05-13/build-me-a-full-logistics-delivery/vendor/laravel/framework/src/Illuminate/Routing/Router.php(739): Illuminate/Routing/Router->dispatchToRoute(Object(Illuminate/Http/Request))
#25 C:/Users/bhard/Documents/Codex/2026-05-13/build-me-a-full-logistics-delivery/vendor/laravel/framework/src/Illuminate/Foundation/Http/Kernel.php(201): Illuminate/Routing/Router->dispatch(Object(Illuminate/Http/Request))
#26 C:/Users/bhard/Documents/Codex/2026-05-13/build-me-a-full-logistics-delivery/vendor/laravel/framework/src/Illuminate/Pipeline/Pipeline.php(170): Illuminate/Foundation/Http/Kernel->Illuminate/Foundation/Http/{closure}(Object(Illuminate/Http/Request))
#27 C:/Users/bhard/Documents/Codex/2026-05-13/build-me-a-full-logistics-delivery/vendor/laravel/framework/src/Illuminate/Foundation/Http/Middleware/TransformsRequest.php(21): Illuminate/Pipeline/Pipeline->Illuminate/Pipeline/{closure}(Object(Illuminate/Http/Request))
#28 C:/Users/bhard/Documents/Codex/2026-05-13/build-me-a-full-logistics-delivery/vendor/laravel/framework/src/Illuminate/Foundation/Http/Middleware/ConvertEmptyStringsToNull.php(31): Illuminate/Foundation/Http/Middleware/TransformsRequest->handle(Object(Illuminate/Http/Request), Object(Closure))
#29 C:/Users/bhard/Documents/Codex/2026-05-13/build-me-a-full-logistics-delivery/vendor/laravel/framework/src/Illuminate/Pipeline/Pipeline.php(209): Illuminate/Foundation/Http/Middleware/ConvertEmptyStringsToNull->handle(Object(Illuminate/Http/Request), Object(Closure))
#30 C:/Users/bhard/Documents/Codex/2026-05-13/build-me-a-full-logistics-delivery/vendor/laravel/framework/src/Illuminate/Foundation/Http/Middleware/TransformsRequest.php(21): Illuminate/Pipeline/Pipeline->Illuminate/Pipeline/{closure}(Object(Illuminate/Http/Request))
#31 C:/Users/bhard/Documents/Codex/2026-05-13/build-me-a-full-logistics-delivery/vendor/laravel/framework/src/Illuminate/Foundation/Http/Middleware/TrimStrings.php(51): Illuminate/Foundation/Http/Middleware/TransformsRequest->handle(Object(Illuminate/Http/Request), Object(Closure))
#32 C:/Users/bhard/Documents/Codex/2026-05-13/build-me-a-full-logistics-delivery/vendor/laravel/framework/src/Illuminate/Pipeline/Pipeline.php(209): Illuminate/Foundation/Http/Middleware/TrimStrings->handle(Object(Illuminate/Http/Request), Object(Closure))
#33 C:/Users/bhard/Documents/Codex/2026-05-13/build-me-a-full-logistics-delivery/vendor/laravel/framework/src/Illuminate/Http/Middleware/ValidatePostSize.php(27): Illuminate/Pipeline/Pipeline->Illuminate/Pipeline/{closure}(Object(Illuminate/Http/Request))
#34 C:/Users/bhard/Documents/Codex/2026-05-13/build-me-a-full-logistics-delivery/vendor/laravel/framework/src/Illuminate/Pipeline/Pipeline.php(209): Illuminate/Http/Middleware/ValidatePostSize->handle(Object(Illuminate/Http/Request), Object(Closure))
#35 C:/Users/bhard/Documents/Codex/2026-05-13/build-me-a-full-logistics-delivery/vendor/laravel/framework/src/Illuminate/Foundation/Http/Middleware/PreventRequestsDuringMaintenance.php(110): Illuminate/Pipeline/Pipeline->Illuminate/Pipeline/{closure}(Object(Illuminate/Http/Request))
#36 C:/Users/bhard/Documents/Codex/2026-05-13/build-me-a-full-logistics-delivery/vendor/laravel/framework/src/Illuminate/Pipeline/Pipeline.php(209): Illuminate/Foundation/Http/Middleware/PreventRequestsDuringMaintenance->handle(Object(Illuminate/Http/Request), Object(Closure))
#37 C:/Users/bhard/Documents/Codex/2026-05-13/build-me-a-full-logistics-delivery/vendor/laravel/framework/src/Illuminate/Http/Middleware/HandleCors.php(49): Illuminate/Pipeline/Pipeline->Illuminate/Pipeline/{closure}(Object(Illuminate/Http/Request))
#38 C:/Users/bhard/Documents/Codex/2026-05-13/build-me-a-full-logistics-delivery/vendor/laravel/framework/src/Illuminate/Pipeline/Pipeline.php(209): Illuminate/Http/Middleware/HandleCors->handle(Object(Illuminate/Http/Request), Object(Closure))
#39 C:/Users/bhard/Documents/Codex/2026-05-13/build-me-a-full-logistics-delivery/vendor/laravel/framework/src/Illuminate/Http/Middleware/TrustProxies.php(58): Illuminate/Pipeline/Pipeline->Illuminate/Pipeline/{closure}(Object(Illuminate/Http/Request))
#40 C:/Users/bhard/Documents/Codex/2026-05-13/build-me-a-full-logistics-delivery/vendor/laravel/framework/src/Illuminate/Pipeline/Pipeline.php(209): Illuminate/Http/Middleware/TrustProxies->handle(Object(Illuminate/Http/Request), Object(Closure))
#41 C:/Users/bhard/Documents/Codex/2026-05-13/build-me-a-full-logistics-delivery/vendor/laravel/framework/src/Illuminate/Foundation/Http/Middleware/InvokeDeferredCallbacks.php(22): Illuminate/Pipeline/Pipeline->Illuminate/Pipeline/{closure}(Object(Illuminate/Http/Request))
#42 C:/Users/bhard/Documents/Codex/2026-05-13/build-me-a-full-logistics-delivery/vendor/laravel/framework/src/Illuminate/Pipeline/Pipeline.php(209): Illuminate/Foundation/Http/Middleware/InvokeDeferredCallbacks->handle(Object(Illuminate/Http/Request), Object(Closure))
#43 C:/Users/bhard/Documents/Codex/2026-05-13/build-me-a-full-logistics-delivery/vendor/laravel/framework/src/Illuminate/Pipeline/Pipeline.php(127): Illuminate/Pipeline/Pipeline->Illuminate/Pipeline/{closure}(Object(Illuminate/Http/Request))
#44 C:/Users/bhard/Documents/Codex/2026-05-13/build-me-a-full-logistics-delivery/vendor/laravel/framework/src/Illuminate/Foundation/Http/Kernel.php(176): Illuminate/Pipeline/Pipeline->then(Object(Closure))
#45 C:/Users/bhard/Documents/Codex/2026-05-13/build-me-a-full-logistics-delivery/vendor/laravel/framework/src/Illuminate/Foundation/Http/Kernel.php(145): Illuminate/Foundation/Http/Kernel->sendRequestThroughRouter(Object(Illuminate/Http/Request))
#46 C:/Users/bhard/Documents/Codex/2026-05-13/build-me-a-full-logistics-delivery/vendor/laravel/framework/src/Illuminate/Foundation/Application.php(1220): Illuminate/Foundation/Http/Kernel->handle(Object(Illuminate/Http/Request))
#47 C:/Users/bhard/Documents/Codex/2026-05-13/build-me-a-full-logistics-delivery/public/index.php(17): Illuminate/Foundation/Application->handleRequest(Object(Illuminate/Http/Request))
#48 C:/Users/bhard/Documents/Codex/2026-05-13/build-me-a-full-logistics-delivery/vendor/laravel/framework/src/Illuminate/Foundation/resources/server.php(23): require_once('C://Users//bhard//...')
#49 {main}
"} 
[2026-05-14 02:16:49] local.ERROR: This method is not supported by MongoDB. Try "toMql()" instead. {"userId":"6a04b02af7c2e0e0e106d692","exception":"[object] (BadMethodCallException(code: 0): This method is not supported by MongoDB. Try \"toMql()\" instead. at C:/Users/bhard/Documents/Codex/2026-05-13/build-me-a-full-logistics-delivery/vendor/mongodb/laravel-mongodb/src/Query/Builder.php:1772)
[stacktrace]
#0 C:/Users/bhard/Documents/Codex/2026-05-13/build-me-a-full-logistics-delivery/vendor/laravel/framework/src/Illuminate/Database/Query/Builder.php(391): MongoDB/Laravel/Query/Builder->toSql()
#1 C:/Users/bhard/Documents/Codex/2026-05-13/build-me-a-full-logistics-delivery/vendor/laravel/framework/src/Illuminate/Database/Query/Builder.php(375): Illuminate/Database/Query/Builder->parseSub(Object(MongoDB/Laravel/Query/Builder))
#2 C:/Users/bhard/Documents/Codex/2026-05-13/build-me-a-full-logistics-delivery/vendor/laravel/framework/src/Illuminate/Database/Query/Builder.php(302): Illuminate/Database/Query/Builder->createSub(Object(MongoDB/Laravel/Query/Builder))
#3 C:/Users/bhard/Documents/Codex/2026-05-13/build-me-a-full-logistics-delivery/vendor/laravel/framework/src/Illuminate/Support/Traits/ForwardsCalls.php(23): Illuminate/Database/Query/Builder->selectSub(Object(MongoDB/Laravel/Query/Builder), 'shipments_count')
#4 C:/Users/bhard/Documents/Codex/2026-05-13/build-me-a-full-logistics-delivery/vendor/laravel/framework/src/Illuminate/Database/Eloquent/Builder.php(2123): Illuminate/Database/Eloquent/Builder->forwardCallTo(Object(MongoDB/Laravel/Query/Builder), 'selectSub', Array)
#5 C:/Users/bhard/Documents/Codex/2026-05-13/build-me-a-full-logistics-delivery/vendor/laravel/framework/src/Illuminate/Database/Eloquent/Concerns/QueriesRelationships.php(853): Illuminate/Database/Eloquent/Builder->__call('selectSub', Array)
#6 C:/Users/bhard/Documents/Codex/2026-05-13/build-me-a-full-logistics-delivery/vendor/laravel/framework/src/Illuminate/Database/Eloquent/Concerns/QueriesRelationships.php(889): Illuminate/Database/Eloquent/Builder->withAggregate(Array, '*', 'count')
#7 C:/Users/bhard/Documents/Codex/2026-05-13/build-me-a-full-logistics-delivery/vendor/laravel/framework/src/Illuminate/Support/Traits/ForwardsCalls.php(23): Illuminate/Database/Eloquent/Builder->withCount('shipments')
#8 C:/Users/bhard/Documents/Codex/2026-05-13/build-me-a-full-logistics-delivery/vendor/laravel/framework/src/Illuminate/Database/Eloquent/Model.php(2372): Illuminate/Database/Eloquent/Model->forwardCallTo(Object(MongoDB/Laravel/Eloquent/Builder), 'withCount', Array)
#9 C:/Users/bhard/Documents/Codex/2026-05-13/build-me-a-full-logistics-delivery/vendor/laravel/framework/src/Illuminate/Database/Eloquent/Model.php(2384): Illuminate/Database/Eloquent/Model->__call('withCount', Array)
#10 C:/Users/bhard/Documents/Codex/2026-05-13/build-me-a-full-logistics-delivery/app/Http/Controllers/CustomerController.php(15): Illuminate/Database/Eloquent/Model::__callStatic('withCount', Array)
#11 C:/Users/bhard/Documents/Codex/2026-05-13/build-me-a-full-logistics-delivery/vendor/laravel/framework/src/Illuminate/Routing/ControllerDispatcher.php(47): App/Http/Controllers/CustomerController->index(Object(Illuminate/Http/Request))
#12 C:/Users/bhard/Documents/Codex/2026-05-13/build-me-a-full-logistics-delivery/vendor/laravel/framework/src/Illuminate/Routing/Route.php(266): Illuminate/Routing/ControllerDispatcher->dispatch(Object(Illuminate/Routing/Route), Object(App/Http/Controllers/CustomerController), 'index')
#13 C:/Users/bhard/Documents/Codex/2026-05-13/build-me-a-full-logistics-delivery/vendor/laravel/framework/src/Illuminate/Routing/Route.php(212): Illuminate/Routing/Route->runController()
#14 C:/Users/bhard/Documents/Codex/2026-05-13/build-me-a-full-logistics-delivery/vendor/laravel/framework/src/Illuminate/Routing/Router.php(808): Illuminate/Routing/Route->run()
#15 C:/Users/bhard/Documents/Codex/2026-05-13/build-me-a-full-logistics-delivery/vendor/laravel/framework/src/Illuminate/Pipeline/Pipeline.php(170): Illuminate/Routing/Router->Illuminate/Routing/{closure}(Object(Illuminate/Http/Request))
#16 C:/Users/bhard/Documents/Codex/2026-05-13/build-me-a-full-logistics-delivery/vendor/laravel/framework/src/Illuminate/Routing/Middleware/SubstituteBindings.php(51): Illuminate/Pipeline/Pipeline->Illuminate/Pipeline/{closure}(Object(Illuminate/Http/Request))
#17 C:/Users/bhard/Documents/Codex/2026-05-13/build-me-a-full-logistics-delivery/vendor/laravel/framework/src/Illuminate/Pipeline/Pipeline.php(209): Illuminate/Routing/Middleware/SubstituteBindings->handle(Object(Illuminate/Http/Request), Object(Closure))
#18 C:/Users/bhard/Documents/Codex/2026-05-13/build-me-a-full-logistics-delivery/vendor/laravel/framework/src/Illuminate/Auth/Middleware/Authenticate.php(64): Illuminate/Pipeline/Pipeline->Illuminate/Pipeline/{closure}(Object(Illuminate/Http/Request))
#19 C:/Users/bhard/Documents/Codex/2026-05-13/build-me-a-full-logistics-delivery/vendor/laravel/framework/src/Illuminate/Pipeline/Pipeline.php(209): Illuminate/Auth/Middleware/Authenticate->handle(Object(Illuminate/Http/Request), Object(Closure))
#20 C:/Users/bhard/Documents/Codex/2026-05-13/build-me-a-full-logistics-delivery/vendor/laravel/framework/src/Illuminate/Foundation/Http/Middleware/VerifyCsrfToken.php(88): Illuminate/Pipeline/Pipeline->Illuminate/Pipeline/{closure}(Object(Illuminate/Http/Request))
#21 C:/Users/bhard/Documents/Codex/2026-05-13/build-me-a-full-logistics-delivery/vendor/laravel/framework/src/Illuminate/Pipeline/Pipeline.php(209): Illuminate/Foundation/Http/Middleware/VerifyCsrfToken->handle(Object(Illuminate/Http/Request), Object(Closure))
#22 C:/Users/bhard/Documents/Codex/2026-05-13/build-me-a-full-logistics-delivery/vendor/laravel/framework/src/Illuminate/View/Middleware/ShareErrorsFromSession.php(49): Illuminate/Pipeline/Pipeline->Illuminate/Pipeline/{closure}(Object(Illuminate/Http/Request))
#23 C:/Users/bhard/Documents/Codex/2026-05-13/build-me-a-full-logistics-delivery/vendor/laravel/framework/src/Illuminate/Pipeline/Pipeline.php(209): Illuminate/View/Middleware/ShareErrorsFromSession->handle(Object(Illuminate/Http/Request), Object(Closure))
#24 C:/Users/bhard/Documents/Codex/2026-05-13/build-me-a-full-logistics-delivery/vendor/laravel/framework/src/Illuminate/Session/Middleware/StartSession.php(121): Illuminate/Pipeline/Pipeline->Illuminate/Pipeline/{closure}(Object(Illuminate/Http/Request))
#25 C:/Users/bhard/Documents/Codex/2026-05-13/build-me-a-full-logistics-delivery/vendor/laravel/framework/src/Illuminate/Session/Middleware/StartSession.php(64): Illuminate/Session/Middleware/StartSession->handleStatefulRequest(Object(Illuminate/Http/Request), Object(Illuminate/Session/Store), Object(Closure))
#26 C:/Users/bhard/Documents/Codex/2026-05-13/build-me-a-full-logistics-delivery/vendor/laravel/framework/src/Illuminate/Pipeline/Pipeline.php(209): Illuminate/Session/Middleware/StartSession->handle(Object(Illuminate/Http/Request), Object(Closure))
#27 C:/Users/bhard/Documents/Codex/2026-05-13/build-me-a-full-logistics-delivery/vendor/laravel/framework/src/Illuminate/Cookie/Middleware/AddQueuedCookiesToResponse.php(37): Illuminate/Pipeline/Pipeline->Illuminate/Pipeline/{closure}(Object(Illuminate/Http/Request))
#28 C:/Users/bhard/Documents/Codex/2026-05-13/build-me-a-full-logistics-delivery/vendor/laravel/framework/src/Illuminate/Pipeline/Pipeline.php(209): Illuminate/Cookie/Middleware/AddQueuedCookiesToResponse->handle(Object(Illuminate/Http/Request), Object(Closure))
#29 C:/Users/bhard/Documents/Codex/2026-05-13/build-me-a-full-logistics-delivery/vendor/laravel/framework/src/Illuminate/Cookie/Middleware/EncryptCookies.php(75): Illuminate/Pipeline/Pipeline->Illuminate/Pipeline/{closure}(Object(Illuminate/Http/Request))
#30 C:/Users/bhard/Documents/Codex/2026-05-13/build-me-a-full-logistics-delivery/vendor/laravel/framework/src/Illuminate/Pipeline/Pipeline.php(209): Illuminate/Cookie/Middleware/EncryptCookies->handle(Object(Illuminate/Http/Request), Object(Closure))
#31 C:/Users/bhard/Documents/Codex/2026-05-13/build-me-a-full-logistics-delivery/vendor/laravel/framework/src/Illuminate/Pipeline/Pipeline.php(127): Illuminate/Pipeline/Pipeline->Illuminate/Pipeline/{closure}(Object(Illuminate/Http/Request))
#32 C:/Users/bhard/Documents/Codex/2026-05-13/build-me-a-full-logistics-delivery/vendor/laravel/framework/src/Illuminate/Routing/Router.php(807): Illuminate/Pipeline/Pipeline->then(Object(Closure))
#33 C:/Users/bhard/Documents/Codex/2026-05-13/build-me-a-full-logistics-delivery/vendor/laravel/framework/src/Illuminate/Routing/Router.php(786): Illuminate/Routing/Router->runRouteWithinStack(Object(Illuminate/Routing/Route), Object(Illuminate/Http/Request))
#34 C:/Users/bhard/Documents/Codex/2026-05-13/build-me-a-full-logistics-delivery/vendor/laravel/framework/src/Illuminate/Routing/Router.php(750): Illuminate/Routing/Router->runRoute(Object(Illuminate/Http/Request), Object(Illuminate/Routing/Route))
#35 C:/Users/bhard/Documents/Codex/2026-05-13/build-me-a-full-logistics-delivery/vendor/laravel/framework/src/Illuminate/Routing/Router.php(739): Illuminate/Routing/Router->dispatchToRoute(Object(Illuminate/Http/Request))
#36 C:/Users/bhard/Documents/Codex/2026-05-13/build-me-a-full-logistics-delivery/vendor/laravel/framework/src/Illuminate/Foundation/Http/Kernel.php(201): Illuminate/Routing/Router->dispatch(Object(Illuminate/Http/Request))
#37 C:/Users/bhard/Documents/Codex/2026-05-13/build-me-a-full-logistics-delivery/vendor/laravel/framework/src/Illuminate/Pipeline/Pipeline.php(170): Illuminate/Foundation/Http/Kernel->Illuminate/Foundation/Http/{closure}(Object(Illuminate/Http/Request))
#38 C:/Users/bhard/Documents/Codex/2026-05-13/build-me-a-full-logistics-delivery/vendor/laravel/framework/src/Illuminate/Foundation/Http/Middleware/TransformsRequest.php(21): Illuminate/Pipeline/Pipeline->Illuminate/Pipeline/{closure}(Object(Illuminate/Http/Request))
#39 C:/Users/bhard/Documents/Codex/2026-05-13/build-me-a-full-logistics-delivery/vendor/laravel/framework/src/Illuminate/Foundation/Http/Middleware/ConvertEmptyStringsToNull.php(31): Illuminate/Foundation/Http/Middleware/TransformsRequest->handle(Object(Illuminate/Http/Request), Object(Closure))
#40 C:/Users/bhard/Documents/Codex/2026-05-13/build-me-a-full-logistics-delivery/vendor/laravel/framework/src/Illuminate/Pipeline/Pipeline.php(209): Illuminate/Foundation/Http/Middleware/ConvertEmptyStringsToNull->handle(Object(Illuminate/Http/Request), Object(Closure))
#41 C:/Users/bhard/Documents/Codex/2026-05-13/build-me-a-full-logistics-delivery/vendor/laravel/framework/src/Illuminate/Foundation/Http/Middleware/TransformsRequest.php(21): Illuminate/Pipeline/Pipeline->Illuminate/Pipeline/{closure}(Object(Illuminate/Http/Request))
#42 C:/Users/bhard/Documents/Codex/2026-05-13/build-me-a-full-logistics-delivery/vendor/laravel/framework/src/Illuminate/Foundation/Http/Middleware/TrimStrings.php(51): Illuminate/Foundation/Http/Middleware/TransformsRequest->handle(Object(Illuminate/Http/Request), Object(Closure))
#43 C:/Users/bhard/Documents/Codex/2026-05-13/build-me-a-full-logistics-delivery/vendor/laravel/framework/src/Illuminate/Pipeline/Pipeline.php(209): Illuminate/Foundation/Http/Middleware/TrimStrings->handle(Object(Illuminate/Http/Request), Object(Closure))
#44 C:/Users/bhard/Documents/Codex/2026-05-13/build-me-a-full-logistics-delivery/vendor/laravel/framework/src/Illuminate/Http/Middleware/ValidatePostSize.php(27): Illuminate/Pipeline/Pipeline->Illuminate/Pipeline/{closure}(Object(Illuminate/Http/Request))
#45 C:/Users/bhard/Documents/Codex/2026-05-13/build-me-a-full-logistics-delivery/vendor/laravel/framework/src/Illuminate/Pipeline/Pipeline.php(209): Illuminate/Http/Middleware/ValidatePostSize->handle(Object(Illuminate/Http/Request), Object(Closure))
#46 C:/Users/bhard/Documents/Codex/2026-05-13/build-me-a-full-logistics-delivery/vendor/laravel/framework/src/Illuminate/Foundation/Http/Middleware/PreventRequestsDuringMaintenance.php(110): Illuminate/Pipeline/Pipeline->Illuminate/Pipeline/{closure}(Object(Illuminate/Http/Request))
#47 C:/Users/bhard/Documents/Codex/2026-05-13/build-me-a-full-logistics-delivery/vendor/laravel/framework/src/Illuminate/Pipeline/Pipeline.php(209): Illuminate/Foundation/Http/Middleware/PreventRequestsDuringMaintenance->handle(Object(Illuminate/Http/Request), Object(Closure))
#48 C:/Users/bhard/Documents/Codex/2026-05-13/build-me-a-full-logistics-delivery/vendor/laravel/framework/src/Illuminate/Http/Middleware/HandleCors.php(49): Illuminate/Pipeline/Pipeline->Illuminate/Pipeline/{closure}(Object(Illuminate/Http/Request))
#49 C:/Users/bhard/Documents/Codex/2026-05-13/build-me-a-full-logistics-delivery/vendor/laravel/framework/src/Illuminate/Pipeline/Pipeline.php(209): Illuminate/Http/Middleware/HandleCors->handle(Object(Illuminate/Http/Request), Object(Closure))
#50 C:/Users/bhard/Documents/Codex/2026-05-13/build-me-a-full-logistics-delivery/vendor/laravel/framework/src/Illuminate/Http/Middleware/TrustProxies.php(58): Illuminate/Pipeline/Pipeline->Illuminate/Pipeline/{closure}(Object(Illuminate/Http/Request))
#51 C:/Users/bhard/Documents/Codex/2026-05-13/build-me-a-full-logistics-delivery/vendor/laravel/framework/src/Illuminate/Pipeline/Pipeline.php(209): Illuminate/Http/Middleware/TrustProxies->handle(Object(Illuminate/Http/Request), Object(Closure))
#52 C:/Users/bhard/Documents/Codex/2026-05-13/build-me-a-full-logistics-delivery/vendor/laravel/framework/src/Illuminate/Foundation/Http/Middleware/InvokeDeferredCallbacks.php(22): Illuminate/Pipeline/Pipeline->Illuminate/Pipeline/{closure}(Object(Illuminate/Http/Request))
#53 C:/Users/bhard/Documents/Codex/2026-05-13/build-me-a-full-logistics-delivery/vendor/laravel/framework/src/Illuminate/Pipeline/Pipeline.php(209): Illuminate/Foundation/Http/Middleware/InvokeDeferredCallbacks->handle(Object(Illuminate/Http/Request), Object(Closure))
#54 C:/Users/bhard/Documents/Codex/2026-05-13/build-me-a-full-logistics-delivery/vendor/laravel/framework/src/Illuminate/Pipeline/Pipeline.php(127): Illuminate/Pipeline/Pipeline->Illuminate/Pipeline/{closure}(Object(Illuminate/Http/Request))
#55 C:/Users/bhard/Documents/Codex/2026-05-13/build-me-a-full-logistics-delivery/vendor/laravel/framework/src/Illuminate/Foundation/Http/Kernel.php(176): Illuminate/Pipeline/Pipeline->then(Object(Closure))
#56 C:/Users/bhard/Documents/Codex/2026-05-13/build-me-a-full-logistics-delivery/vendor/laravel/framework/src/Illuminate/Foundation/Http/Kernel.php(145): Illuminate/Foundation/Http/Kernel->sendRequestThroughRouter(Object(Illuminate/Http/Request))
#57 C:/Users/bhard/Documents/Codex/2026-05-13/build-me-a-full-logistics-delivery/vendor/laravel/framework/src/Illuminate/Foundation/Application.php(1220): Illuminate/Foundation/Http/Kernel->handle(Object(Illuminate/Http/Request))
#58 C:/Users/bhard/Documents/Codex/2026-05-13/build-me-a-full-logistics-delivery/public/index.php(17): Illuminate/Foundation/Application->handleRequest(Object(Illuminate/Http/Request))
#59 C:/Users/bhard/Documents/Codex/2026-05-13/build-me-a-full-logistics-delivery/vendor/laravel/framework/src/Illuminate/Foundation/resources/server.php(23): require_once('C://Users//bhard//...')
#60 {main}
"} 
[2026-05-14 02:16:51] local.ERROR: This method is not supported by MongoDB. Try "toMql()" instead. {"userId":"6a04b02af7c2e0e0e106d692","exception":"[object] (BadMethodCallException(code: 0): This method is not supported by MongoDB. Try \"toMql()\" instead. at C:/Users/bhard/Documents/Codex/2026-05-13/build-me-a-full-logistics-delivery/vendor/mongodb/laravel-mongodb/src/Query/Builder.php:1772)
[stacktrace]
#0 C:/Users/bhard/Documents/Codex/2026-05-13/build-me-a-full-logistics-delivery/vendor/laravel/framework/src/Illuminate/Database/Query/Builder.php(391): MongoDB/Laravel/Query/Builder->toSql()
#1 C:/Users/bhard/Documents/Codex/2026-05-13/build-me-a-full-logistics-delivery/vendor/laravel/framework/src/Illuminate/Database/Query/Builder.php(375): Illuminate/Database/Query/Builder->parseSub(Object(MongoDB/Laravel/Query/Builder))
#2 C:/Users/bhard/Documents/Codex/2026-05-13/build-me-a-full-logistics-delivery/vendor/laravel/framework/src/Illuminate/Database/Query/Builder.php(302): Illuminate/Database/Query/Builder->createSub(Object(MongoDB/Laravel/Query/Builder))
#3 C:/Users/bhard/Documents/Codex/2026-05-13/build-me-a-full-logistics-delivery/vendor/laravel/framework/src/Illuminate/Support/Traits/ForwardsCalls.php(23): Illuminate/Database/Query/Builder->selectSub(Object(MongoDB/Laravel/Query/Builder), 'shipments_count')
#4 C:/Users/bhard/Documents/Codex/2026-05-13/build-me-a-full-logistics-delivery/vendor/laravel/framework/src/Illuminate/Database/Eloquent/Builder.php(2123): Illuminate/Database/Eloquent/Builder->forwardCallTo(Object(MongoDB/Laravel/Query/Builder), 'selectSub', Array)
#5 C:/Users/bhard/Documents/Codex/2026-05-13/build-me-a-full-logistics-delivery/vendor/laravel/framework/src/Illuminate/Database/Eloquent/Concerns/QueriesRelationships.php(853): Illuminate/Database/Eloquent/Builder->__call('selectSub', Array)
#6 C:/Users/bhard/Documents/Codex/2026-05-13/build-me-a-full-logistics-delivery/vendor/laravel/framework/src/Illuminate/Database/Eloquent/Concerns/QueriesRelationships.php(889): Illuminate/Database/Eloquent/Builder->withAggregate(Array, '*', 'count')
#7 C:/Users/bhard/Documents/Codex/2026-05-13/build-me-a-full-logistics-delivery/vendor/laravel/framework/src/Illuminate/Support/Traits/ForwardsCalls.php(23): Illuminate/Database/Eloquent/Builder->withCount('shipments')
#8 C:/Users/bhard/Documents/Codex/2026-05-13/build-me-a-full-logistics-delivery/vendor/laravel/framework/src/Illuminate/Database/Eloquent/Model.php(2372): Illuminate/Database/Eloquent/Model->forwardCallTo(Object(MongoDB/Laravel/Eloquent/Builder), 'withCount', Array)
#9 C:/Users/bhard/Documents/Codex/2026-05-13/build-me-a-full-logistics-delivery/vendor/laravel/framework/src/Illuminate/Database/Eloquent/Model.php(2384): Illuminate/Database/Eloquent/Model->__call('withCount', Array)
#10 C:/Users/bhard/Documents/Codex/2026-05-13/build-me-a-full-logistics-delivery/app/Http/Controllers/CarrierController.php(13): Illuminate/Database/Eloquent/Model::__callStatic('withCount', Array)
#11 C:/Users/bhard/Documents/Codex/2026-05-13/build-me-a-full-logistics-delivery/vendor/laravel/framework/src/Illuminate/Routing/ControllerDispatcher.php(47): App/Http/Controllers/CarrierController->index(Object(Illuminate/Http/Request))
#12 C:/Users/bhard/Documents/Codex/2026-05-13/build-me-a-full-logistics-delivery/vendor/laravel/framework/src/Illuminate/Routing/Route.php(266): Illuminate/Routing/ControllerDispatcher->dispatch(Object(Illuminate/Routing/Route), Object(App/Http/Controllers/CarrierController), 'index')
#13 C:/Users/bhard/Documents/Codex/2026-05-13/build-me-a-full-logistics-delivery/vendor/laravel/framework/src/Illuminate/Routing/Route.php(212): Illuminate/Routing/Route->runController()
#14 C:/Users/bhard/Documents/Codex/2026-05-13/build-me-a-full-logistics-delivery/vendor/laravel/framework/src/Illuminate/Routing/Router.php(808): Illuminate/Routing/Route->run()
#15 C:/Users/bhard/Documents/Codex/2026-05-13/build-me-a-full-logistics-delivery/vendor/laravel/framework/src/Illuminate/Pipeline/Pipeline.php(170): Illuminate/Routing/Router->Illuminate/Routing/{closure}(Object(Illuminate/Http/Request))
#16 C:/Users/bhard/Documents/Codex/2026-05-13/build-me-a-full-logistics-delivery/vendor/laravel/framework/src/Illuminate/Routing/Middleware/SubstituteBindings.php(51): Illuminate/Pipeline/Pipeline->Illuminate/Pipeline/{closure}(Object(Illuminate/Http/Request))
#17 C:/Users/bhard/Documents/Codex/2026-05-13/build-me-a-full-logistics-delivery/vendor/laravel/framework/src/Illuminate/Pipeline/Pipeline.php(209): Illuminate/Routing/Middleware/SubstituteBindings->handle(Object(Illuminate/Http/Request), Object(Closure))
#18 C:/Users/bhard/Documents/Codex/2026-05-13/build-me-a-full-logistics-delivery/vendor/laravel/framework/src/Illuminate/Auth/Middleware/Authenticate.php(64): Illuminate/Pipeline/Pipeline->Illuminate/Pipeline/{closure}(Object(Illuminate/Http/Request))
#19 C:/Users/bhard/Documents/Codex/2026-05-13/build-me-a-full-logistics-delivery/vendor/laravel/framework/src/Illuminate/Pipeline/Pipeline.php(209): Illuminate/Auth/Middleware/Authenticate->handle(Object(Illuminate/Http/Request), Object(Closure))
#20 C:/Users/bhard/Documents/Codex/2026-05-13/build-me-a-full-logistics-delivery/vendor/laravel/framework/src/Illuminate/Foundation/Http/Middleware/VerifyCsrfToken.php(88): Illuminate/Pipeline/Pipeline->Illuminate/Pipeline/{closure}(Object(Illuminate/Http/Request))
#21 C:/Users/bhard/Documents/Codex/2026-05-13/build-me-a-full-logistics-delivery/vendor/laravel/framework/src/Illuminate/Pipeline/Pipeline.php(209): Illuminate/Foundation/Http/Middleware/VerifyCsrfToken->handle(Object(Illuminate/Http/Request), Object(Closure))
#22 C:/Users/bhard/Documents/Codex/2026-05-13/build-me-a-full-logistics-delivery/vendor/laravel/framework/src/Illuminate/View/Middleware/ShareErrorsFromSession.php(49): Illuminate/Pipeline/Pipeline->Illuminate/Pipeline/{closure}(Object(Illuminate/Http/Request))
#23 C:/Users/bhard/Documents/Codex/2026-05-13/build-me-a-full-logistics-delivery/vendor/laravel/framework/src/Illuminate/Pipeline/Pipeline.php(209): Illuminate/View/Middleware/ShareErrorsFromSession->handle(Object(Illuminate/Http/Request), Object(Closure))
#24 C:/Users/bhard/Documents/Codex/2026-05-13/build-me-a-full-logistics-delivery/vendor/laravel/framework/src/Illuminate/Session/Middleware/StartSession.php(121): Illuminate/Pipeline/Pipeline->Illuminate/Pipeline/{closure}(Object(Illuminate/Http/Request))
#25 C:/Users/bhard/Documents/Codex/2026-05-13/build-me-a-full-logistics-delivery/vendor/laravel/framework/src/Illuminate/Session/Middleware/StartSession.php(64): Illuminate/Session/Middleware/StartSession->handleStatefulRequest(Object(Illuminate/Http/Request), Object(Illuminate/Session/Store), Object(Closure))
#26 C:/Users/bhard/Documents/Codex/2026-05-13/build-me-a-full-logistics-delivery/vendor/laravel/framework/src/Illuminate/Pipeline/Pipeline.php(209): Illuminate/Session/Middleware/StartSession->handle(Object(Illuminate/Http/Request), Object(Closure))
#27 C:/Users/bhard/Documents/Codex/2026-05-13/build-me-a-full-logistics-delivery/vendor/laravel/framework/src/Illuminate/Cookie/Middleware/AddQueuedCookiesToResponse.php(37): Illuminate/Pipeline/Pipeline->Illuminate/Pipeline/{closure}(Object(Illuminate/Http/Request))
#28 C:/Users/bhard/Documents/Codex/2026-05-13/build-me-a-full-logistics-delivery/vendor/laravel/framework/src/Illuminate/Pipeline/Pipeline.php(209): Illuminate/Cookie/Middleware/AddQueuedCookiesToResponse->handle(Object(Illuminate/Http/Request), Object(Closure))
#29 C:/Users/bhard/Documents/Codex/2026-05-13/build-me-a-full-logistics-delivery/vendor/laravel/framework/src/Illuminate/Cookie/Middleware/EncryptCookies.php(75): Illuminate/Pipeline/Pipeline->Illuminate/Pipeline/{closure}(Object(Illuminate/Http/Request))
#30 C:/Users/bhard/Documents/Codex/2026-05-13/build-me-a-full-logistics-delivery/vendor/laravel/framework/src/Illuminate/Pipeline/Pipeline.php(209): Illuminate/Cookie/Middleware/EncryptCookies->handle(Object(Illuminate/Http/Request), Object(Closure))
#31 C:/Users/bhard/Documents/Codex/2026-05-13/build-me-a-full-logistics-delivery/vendor/laravel/framework/src/Illuminate/Pipeline/Pipeline.php(127): Illuminate/Pipeline/Pipeline->Illuminate/Pipeline/{closure}(Object(Illuminate/Http/Request))
#32 C:/Users/bhard/Documents/Codex/2026-05-13/build-me-a-full-logistics-delivery/vendor/laravel/framework/src/Illuminate/Routing/Router.php(807): Illuminate/Pipeline/Pipeline->then(Object(Closure))
#33 C:/Users/bhard/Documents/Codex/2026-05-13/build-me-a-full-logistics-delivery/vendor/laravel/framework/src/Illuminate/Routing/Router.php(786): Illuminate/Routing/Router->runRouteWithinStack(Object(Illuminate/Routing/Route), Object(Illuminate/Http/Request))
#34 C:/Users/bhard/Documents/Codex/2026-05-13/build-me-a-full-logistics-delivery/vendor/laravel/framework/src/Illuminate/Routing/Router.php(750): Illuminate/Routing/Router->runRoute(Object(Illuminate/Http/Request), Object(Illuminate/Routing/Route))
#35 C:/Users/bhard/Documents/Codex/2026-05-13/build-me-a-full-logistics-delivery/vendor/laravel/framework/src/Illuminate/Routing/Router.php(739): Illuminate/Routing/Router->dispatchToRoute(Object(Illuminate/Http/Request))
#36 C:/Users/bhard/Documents/Codex/2026-05-13/build-me-a-full-logistics-delivery/vendor/laravel/framework/src/Illuminate/Foundation/Http/Kernel.php(201): Illuminate/Routing/Router->dispatch(Object(Illuminate/Http/Request))
#37 C:/Users/bhard/Documents/Codex/2026-05-13/build-me-a-full-logistics-delivery/vendor/laravel/framework/src/Illuminate/Pipeline/Pipeline.php(170): Illuminate/Foundation/Http/Kernel->Illuminate/Foundation/Http/{closure}(Object(Illuminate/Http/Request))
#38 C:/Users/bhard/Documents/Codex/2026-05-13/build-me-a-full-logistics-delivery/vendor/laravel/framework/src/Illuminate/Foundation/Http/Middleware/TransformsRequest.php(21): Illuminate/Pipeline/Pipeline->Illuminate/Pipeline/{closure}(Object(Illuminate/Http/Request))
#39 C:/Users/bhard/Documents/Codex/2026-05-13/build-me-a-full-logistics-delivery/vendor/laravel/framework/src/Illuminate/Foundation/Http/Middleware/ConvertEmptyStringsToNull.php(31): Illuminate/Foundation/Http/Middleware/TransformsRequest->handle(Object(Illuminate/Http/Request), Object(Closure))
#40 C:/Users/bhard/Documents/Codex/2026-05-13/build-me-a-full-logistics-delivery/vendor/laravel/framework/src/Illuminate/Pipeline/Pipeline.php(209): Illuminate/Foundation/Http/Middleware/ConvertEmptyStringsToNull->handle(Object(Illuminate/Http/Request), Object(Closure))
#41 C:/Users/bhard/Documents/Codex/2026-05-13/build-me-a-full-logistics-delivery/vendor/laravel/framework/src/Illuminate/Foundation/Http/Middleware/TransformsRequest.php(21): Illuminate/Pipeline/Pipeline->Illuminate/Pipeline/{closure}(Object(Illuminate/Http/Request))
#42 C:/Users/bhard/Documents/Codex/2026-05-13/build-me-a-full-logistics-delivery/vendor/laravel/framework/src/Illuminate/Foundation/Http/Middleware/TrimStrings.php(51): Illuminate/Foundation/Http/Middleware/TransformsRequest->handle(Object(Illuminate/Http/Request), Object(Closure))
#43 C:/Users/bhard/Documents/Codex/2026-05-13/build-me-a-full-logistics-delivery/vendor/laravel/framework/src/Illuminate/Pipeline/Pipeline.php(209): Illuminate/Foundation/Http/Middleware/TrimStrings->handle(Object(Illuminate/Http/Request), Object(Closure))
#44 C:/Users/bhard/Documents/Codex/2026-05-13/build-me-a-full-logistics-delivery/vendor/laravel/framework/src/Illuminate/Http/Middleware/ValidatePostSize.php(27): Illuminate/Pipeline/Pipeline->Illuminate/Pipeline/{closure}(Object(Illuminate/Http/Request))
#45 C:/Users/bhard/Documents/Codex/2026-05-13/build-me-a-full-logistics-delivery/vendor/laravel/framework/src/Illuminate/Pipeline/Pipeline.php(209): Illuminate/Http/Middleware/ValidatePostSize->handle(Object(Illuminate/Http/Request), Object(Closure))
#46 C:/Users/bhard/Documents/Codex/2026-05-13/build-me-a-full-logistics-delivery/vendor/laravel/framework/src/Illuminate/Foundation/Http/Middleware/PreventRequestsDuringMaintenance.php(110): Illuminate/Pipeline/Pipeline->Illuminate/Pipeline/{closure}(Object(Illuminate/Http/Request))
#47 C:/Users/bhard/Documents/Codex/2026-05-13/build-me-a-full-logistics-delivery/vendor/laravel/framework/src/Illuminate/Pipeline/Pipeline.php(209): Illuminate/Foundation/Http/Middleware/PreventRequestsDuringMaintenance->handle(Object(Illuminate/Http/Request), Object(Closure))
#48 C:/Users/bhard/Documents/Codex/2026-05-13/build-me-a-full-logistics-delivery/vendor/laravel/framework/src/Illuminate/Http/Middleware/HandleCors.php(49): Illuminate/Pipeline/Pipeline->Illuminate/Pipeline/{closure}(Object(Illuminate/Http/Request))
#49 C:/Users/bhard/Documents/Codex/2026-05-13/build-me-a-full-logistics-delivery/vendor/laravel/framework/src/Illuminate/Pipeline/Pipeline.php(209): Illuminate/Http/Middleware/HandleCors->handle(Object(Illuminate/Http/Request), Object(Closure))
#50 C:/Users/bhard/Documents/Codex/2026-05-13/build-me-a-full-logistics-delivery/vendor/laravel/framework/src/Illuminate/Http/Middleware/TrustProxies.php(58): Illuminate/Pipeline/Pipeline->Illuminate/Pipeline/{closure}(Object(Illuminate/Http/Request))
#51 C:/Users/bhard/Documents/Codex/2026-05-13/build-me-a-full-logistics-delivery/vendor/laravel/framework/src/Illuminate/Pipeline/Pipeline.php(209): Illuminate/Http/Middleware/TrustProxies->handle(Object(Illuminate/Http/Request), Object(Closure))
#52 C:/Users/bhard/Documents/Codex/2026-05-13/build-me-a-full-logistics-delivery/vendor/laravel/framework/src/Illuminate/Foundation/Http/Middleware/InvokeDeferredCallbacks.php(22): Illuminate/Pipeline/Pipeline->Illuminate/Pipeline/{closure}(Object(Illuminate/Http/Request))
#53 C:/Users/bhard/Documents/Codex/2026-05-13/build-me-a-full-logistics-delivery/vendor/laravel/framework/src/Illuminate/Pipeline/Pipeline.php(209): Illuminate/Foundation/Http/Middleware/InvokeDeferredCallbacks->handle(Object(Illuminate/Http/Request), Object(Closure))
#54 C:/Users/bhard/Documents/Codex/2026-05-13/build-me-a-full-logistics-delivery/vendor/laravel/framework/src/Illuminate/Pipeline/Pipeline.php(127): Illuminate/Pipeline/Pipeline->Illuminate/Pipeline/{closure}(Object(Illuminate/Http/Request))
#55 C:/Users/bhard/Documents/Codex/2026-05-13/build-me-a-full-logistics-delivery/vendor/laravel/framework/src/Illuminate/Foundation/Http/Kernel.php(176): Illuminate/Pipeline/Pipeline->then(Object(Closure))
#56 C:/Users/bhard/Documents/Codex/2026-05-13/build-me-a-full-logistics-delivery/vendor/laravel/framework/src/Illuminate/Foundation/Http/Kernel.php(145): Illuminate/Foundation/Http/Kernel->sendRequestThroughRouter(Object(Illuminate/Http/Request))
#57 C:/Users/bhard/Documents/Codex/2026-05-13/build-me-a-full-logistics-delivery/vendor/laravel/framework/src/Illuminate/Foundation/Application.php(1220): Illuminate/Foundation/Http/Kernel->handle(Object(Illuminate/Http/Request))
#58 C:/Users/bhard/Documents/Codex/2026-05-13/build-me-a-full-logistics-delivery/public/index.php(17): Illuminate/Foundation/Application->handleRequest(Object(Illuminate/Http/Request))
#59 C:/Users/bhard/Documents/Codex/2026-05-13/build-me-a-full-logistics-delivery/vendor/laravel/framework/src/Illuminate/Foundation/resources/server.php(23): require_once('C://Users//bhard//...')
#60 {main}
"} 
